url,mname,id,name,transactiontype,bonusfixed,amount,minwithdraw,maxwithdraw,rollover,balance,claimconfig,claimcondition,bonus,bonusrandom,reset,mintopup,maxtopup,referlink,perceived_value,is_new
https://umi999.com,UMI999,451987,DAILY GET FREE,,28.0,28.0,40.0,20.0,0.0,,"{""walletId"":1,""changeGameId"":1,""creditLessThan"":0.01,""fixRT"":1,""displayDescriptionOnly"":""1""}",FREE,0.0,,DAILY,,,,36.34879055449345,1
https://umi999.com,UMI999,695731,APP BONUS,,18.0,18.0,68.0,20.0,0.0,,"{""walletId"":1,""changeGameId"":1,""creditLessThan"":0.01,""fixRT"":1,""displayDescriptionOnly"":""1"",""mobileAppOnly"":""1""}",FREE,0.0,,,,,,10.472530755252263,1
https://umi999.com,UMI999,169089,Sign In Day 7,,26.0,26.0,37.0,20.0,0.0,,"{""walletId"":1,""changeGameId"":1,""claimTime"":""N=07"",""creditLessThan"":0.01,""fixRT"":1,""displayDescriptionOnly"":""1""}",FREE,0.0,,WEEKLY,,,,36.34890379372467,1
https://umi999.com,UMI999,451987,DAILY GET FREE,,28.0,28.0,40.0,20.0,0.0,,"{""walletId"":1,""changeGameId"":1,""creditLessThan"":0.01,""fixRT"":1,""displayDescriptionOnly"":""1""}",FREE,0.0,,DAILY,,,,36.34879055449345,1
https://umi999.com,UMI999,695731,APP BONUS,,18.0,18.0,68.0,20.0,0.0,,"{""walletId"":1,""changeGameId"":1,""creditLessThan"":0.01,""fixRT"":1,""displayDescriptionOnly"":""1"",""mobileAppOnly"":""1""}",FREE,0.0,,,,,,10.472530755252263,1
https://umi999.com,UMI999,169089,Sign In Day 7,,26.0,26.0,37.0,20.0,0.0,,"{""walletId"":1,""changeGameId"":1,""claimTime"":""N=07"",""creditLessThan"":0.01,""fixRT"":1,""displayDescriptionOnly"":""1""}",FREE,0.0,,WEEKLY,,,,36.34890379372467,1
https://glorya77.com,GLORYA77,695301,<b>APP Bonus Free<b>,,18.0,18.0,68.0,20.0,0.0,,"{""walletId"":1,""changeGameId"":1,""creditLessThan"":0.01,""fixRT"":1,""displayDescriptionOnly"":""1""}",FREE,0.0,,,,,,10.472530755252263,1
https://glorya77.com,GLORYA77,162606,Sign In Day 7,,27.0,27.0,39.0,20.0,0.0,,"{""walletId"":1,""changeGameId"":1,""claimTime"":""N=07"",""creditLessThan"":0.01,""fixRT"":1,""displayDescriptionOnly"":""1""}",FREE,0.0,,WEEKLY,,,,35.76563793873621,1
https://unitedau.com,UnitedAu,186216,<b>Download App Bonus</b>,,20.0,20.0,500.0,5.0,0.0,,"{""creditLessThan"":0.5,""displayDescriptionOnly"":""1"",""walletId"":1,""changeGameId"":1,""mobileAppOnly"":""1""}",FREE,0.0,,DAILY,,,,0.5846942029551774,1
https://unitedau.com,UnitedAu,170972,<B>FREE 365</b>,,5.0,5.0,100.0,0.05,0.0,,"{""creditLessThan"":0.1,""displayDescriptionOnly"":""1"",""displayAngpaoText"":""1""}",FREE,0.0,,DAILY,,,,0.0192326100127747,1
https://unitedau.com,UnitedAu,785322,<b>✅ DAILY HOURLY FREE,,3.0,3.0,50.0,10.0,0.0,,"{""creditLessThan"":0.1,""displayDescriptionOnly"":""1"",""walletId"":1,""changeGameId"":1,""displayAngpaoText"":""1""}",FREE,0.0,,HOURLY,,,,1.1509900370660882,1
https://unitedau.com,UnitedAu,835465,<b>REFRESHING FREE</b>,,88.0,88.0,600.0,15.0,0.0,,"{""creditLessThan"":0.1,""displayDescriptionOnly"":""1"",""walletId"":1,""changeGameId"":1,""displayAngpaoText"":""1""}",FREE,0.0,,WEEKLY,,,,5.0460430296218215,1
https://unitedau.com,UnitedAu,127107,<b>SHARE BONUS</b>,,30.0,30.0,600.0,30.0,0.0,,"{""customBonus"":""sharebonus"",""creditLessThan"":0.1,""startDate"":""2024-05-05"",""displayDescriptionOnly"":""1"",""displayAngpaoText"":""1"",""walletId"":1,""changeGameId"":1}",CUSTOM,0.0,,,,,,1.5207279252292714,1
https://audwin9.com,AUDWIN9,134746,VIP Daily Free Credit $19.99,,19.99,19.99,139.0,9.0,0.0,,"{""creditLessThan"":0.5,""displayDescriptionOnly"":""1"",""offUsernames"":[""195295275"",""185529750""],""displayAngpaoText"":""0"",""changeGameId"":1,""walletId"":1}",FREE,0.0,,DAILY,,,,3.719829734402207,1
https://audwin9.com,AUDWIN9,137677,SHARE 1 MEMBER GET AUD 9,,9.0,9.0,27.0,9.0,0.0,,"{""customBonus"":""sharebonus"",""creditLessThan"":0.1,""startDate"":""2024-06-28"",""mobileAppOnly"":""0"",""displayDescriptionOnly"":""1"",""walletId"":1,""changeGameId"":1,""maxCount"":1}",CUSTOM,0.0,,,,,,10.09647804665611,1
https://topaz33.com,TOPAZ33,142233,<b>FREE 365</b>,,5.0,5.0,200.0,20.0,0.0,,"{""creditLessThan"":0.1,""displayDescriptionOnly"":""1"",""walletId"":1,""changeGameid"":1}",FREE,0.0,,DAILY,,,,0.5045888277145305,1
https://topaz33.com,TOPAZ33,836390,<b>⭐DAILY HOUR FREE,,3.0,3.0,50.0,10.0,0.0,,"{""creditLessThan"":0.1,""walletId"":1,""changeGameId"":1,""displayAngpaoText"":""1"",""displayDescriptionOnly"":""1""}",FREE,0.0,,HOURLY,,,,1.1509900370660882,1
https://vvip15au.com,VVIP15 Australia Online Casino,186269,<b>DOWNLOAD APPS BONUS</b>,,15.55,15.55,311.0,20.0,0.0,,"{""creditLessThan"":1,""displayDescriptionOnly"":""1"",""mobileAppOnly"":""1"",""walletId"":1,""changeGameId"":1,""displayAngpaoText"":""0""}",FREE,0.0,,,,,,1.2916435191820996,1
https://ijoker88au.com,IJOKER88,212732,<b>JOIN TELEGRAM<b>,,100.0,100.0,1000.0,10.0,0.0,,"{""displayAngpaoText"":""0"",""displayDescriptionOnly"":""1"",""mobileAppOnly"":""0"",""creditLessThan"":0.1,""registerDate"":""2023-01-01"",""mustJoinTelegramChannel"":""iJokerchannel88"",""changeGameId"":1,""walletId"":1}",FREE,0.0,,,,,,2.725215249163835,1
https://ijoker88au.com,IJOKER88,212136,<b>DAILY FREE CREDIT<b>,,88.0,88.0,288.0,15.0,0.0,,"{""creditLessThan"":0.1,""displayDescriptionOnly"":""1"",""mobileAppOnly"":""0"",""displayAngpaoText"":""0"",""changeGameId"":1,""walletId"":1}",FREE,0.0,,DAILY,,,,12.629885195615032,1
https://ijoker88au.com,IJOKER88,212141,<b>FREE SHARE EVENT<b>,,1.0,1.0,0.0,288.0,0.0,,"{""customBonus"":""sharebonus"",""creditLessThan"":1,""startDate"":""2024-09-10"",""displayDescriptionOnly"":""1"",""mobileAppOnly"":""0"",""changeGameId"":1,""walletId"":1}",CUSTOM,0.0,,,,,,86.67105251051989,1
https://tab9au.com,TAB9AU,7843,<b>New Register Free #C</b>,,399.0,399.0,400.0,50.0,0.0,,"{""startDate"":""2023-05-04"",""creditLessThan"":0.1,""displayDescriptionOnly"":""1"",""walletId"":1,""changeGameId"":1,""withdrawLessThan"":1}",FREE,0.0,,DAILY,,,,85.97480653166339,1
https://tab9au.com,TAB9AU,240579,<b>TAB9AU LUCKY #R</b>,,777.0,777.0,7777.0,10.0,0.0,,"{""creditLessThan"":0.1,""displayAngpaoText"":""1"",""displayDescriptionOnly"":""1"",""walletId"":1,""changeGameId"":1}",FREE,0.0,,DAILY,,,,3.066739001598801,1
https://cr33au.com,CR33,691058,"<b style=""color:#;"">Daily Free Points</b>",,3200.0,3200.0,64000.0,15.0,0.0,,"{""creditLessThan"":1,""mobileAppOnly"":""0"",""walletId"":1,""changeGameId"":1}",FREE,0.0,,DAILY,,,,1.6087605116993464,1
https://cr33au.com,CR33,691170,"<b style=""color:#;"">Daily Points Reward</b>",,198.0,198.0,238.0,10.0,0.0,,"{""creditLessThan"":1,""mobileAppOnly"":""1"",""walletId"":1,""changeGameId"":1}",FREE,0.0,,DAILY,,,,40.12357847203428,1
https://rtpvictory88.com,RTPVICTORY88,825902,<b>WELCOME BACK FREE<b>,,100.0,100.0,300.0,20.0,0.0,,"{""creditLessThan"":0.1,""displayDescriptionOnly"":""1"",""registerBeforeDate"":""2026-05-25"",""changeGameId"":1,""walletId"":1}",FREE,0.0,,,,,,15.584332644933966,1
https://rtpvictory88.com,RTPVICTORY88,212060,<b>DAILY FREE CREDIT<b>,,10.0,10.0,100.0,15.0,0.0,,"{""creditLessThan"":0.1,""walletId"":1,""changeGameId"":1,""displayDescriptionOnly"":""1""}",FREE,0.0,,DAILY,,,,2.717859814853726,1
https://rtpvictory88.com,RTPVICTORY88,221847,<b>HOURLY FREE CREDIT,,3.0,3.0,50.0,10.0,0.0,,"{""creditLessThan"":0.1,""walletId"":1,""changeGameId"":1,""displayDescriptionOnly"":""1""}",FREE,0.0,,HOURLY,,,,1.1509900370660882,1
https://rtpvictory88.com,RTPVICTORY88,245109,<B>Download Apps Free,,50.0,50.0,500.0,15.0,0.0,,"{""creditLessThan"":0.1,""displayDescriptionOnly"":""1"",""walletId"":1,""changeGameId"":1,""displayAngpaoText"":""1"",""mobileAppOnly"":""1""}",FREE,0.0,,,,,,3.0175551213073413,1
https://race96.com,Race96,0,Daily Rollover Rebate,REBATE,,0.23,,1000.0,,,,,,,,,,,16.16120702986032,1
https://weplay88.com,WePlay88,719645,"<b style=""color:gold;"">⭐Ultimate Rewards Event</b>",,888.0,888.0,4440.0,30.0,0.0,,"{""creditLessThan"":0.1,""startDate"":""2025-10-29"",""displayDescriptionOnly"":""1"",""displayAngpaoText"":""0"",""changeGameId"":1,""walletId"":1}",FREE,0.0,,MONTHLY,,,,10.53410957239426,1
https://weplay88.com,WePlay88,737287,"<b style=""color:yellow;"">Offical Partner Free!</b>",,5.0,5.0,500.0,20.0,0.0,,"{""creditLessThan"":1,""displayDescriptionOnly"":""1"",""displayAngpaoText"":""0""}",FREE,0.0,,DAILY,,,,0.1605138898976985,1
https://weplay88.com,WePlay88,164897,<b> FREE 365 DAY </b>,,4.0,4.0,100.0,0.05,0.0,,"{""displayDescriptionOnly"":""1"",""changeGameId"":1,""walletId"":1}",FREE,0.0,,DAILY,,,,0.0143518595074907,1
https://venus55.com,Venus55,0,Daily Rollover Rebate,REBATE,,0.12,0.6,3000.0,,,,,,,,,,,8.238702450784276,1
https://candymommy.co,CANDYMOMMY,28246,"<b style=""color:black;"">NEW REGISTER FREE</b>",,200.0,200.0,4000.0,20.0,0.0,,"{""creditLessThan"":0.1,""displayDescriptionOnly"":""1"",""registerDate"":""2022-05-06"",""walletId"":1,""changeGameId"":1}",FREE,0.0,,,,,,1.5168728522373116,1
https://candymommy.co,CANDYMOMMY,28247,"<b style=""color:black;"">HOURLY BONUS</b>",,15.0,15.0,200.0,5.0,0.0,,"{""displayDescriptionOnly"":""1"",""displayAngpaoText"":""1"",""walletId"":1,""changeGameId"":1,""creditLessThan"":0.1,""resetHour"":2}",FREE,0.0,,HOURLY,,,,1.2588993529486476,1
https://candymommy.co,CANDYMOMMY,239408,<b>Return Back Bonus,,10.0,10.0,500.0,10.0,0.0,,"{""displayDescriptionOnly"":""1""}",FREE,0.0,,MONTHLY,,,,0.3143831825926947,1
https://world99aud.com,WORLD99,150794,<b>Only Fan【Limited】</b>,,10.0,10.0,199.0,10.0,0.0,,"{""maxRoundTargetAll"":1,""displayDescriptionOnly"":""1"",""creditLessThan"":0.1,""changeGameId"":1,""walletId"":1}",FREE,0.0,,DAILY,,,,0.9945015538788536,1
https://world99aud.com,WORLD99,146386,<b>Download App Bonus</b>,,20.0,20.0,499.0,10.0,0.0,,"{""creditLessThan"":0.1,""displayDescriptionOnly"":""1"",""displayAngpaoText"":""1"",""mobileAppOnly"":""1"",""ignoreTrxAmount"":1,""changeGameId"":1,""walletId"":1}",FREE,0.0,,DAILY,,,,0.7844515302831455,1
https://mrpokies77.com,MR.POKIES77,802837,<b>Restore Maintenance Bonus</b>,,8.0,8.0,500.0,8.0,0.0,,"{""displayDescriptionOnly"":""1"",""walletId"":1,""changeGameId"":1}",FREE,0.0,,,,,,0.2148104872235273,1
https://mrpokies77.com,MR.POKIES77,180941,<b>FREE 365</b>,,5.0,5.0,100.0,0.05,0.0,,"{""creditLessThan"":0.1,""displayDescriptionOnly"":""1"",""displayAngpaoText"":""1""}",FREE,0.0,,DAILY,,,,0.0192326100127747,1
https://mrpokies77.com,MR.POKIES77,213611,<b>Download Apps Daily</b>,,20.0,20.0,500.0,5.0,0.0,,"{""creditLessThan"":0.1,""displayDescriptionOnly"":""1"",""registerDate"":""2024-06-17"",""walletId"":1,""changeGameld"":1,""mobileAppOnly"":""1"",""displayAngpaoText"":""1""}",FREE,0.0,,DAILY,,,,0.5846942029551774,1
https://mrpokies77.com,MR.POKIES77,835455,<b>▶️REFRESHING FREE</b>,,88.0,88.0,600.0,15.0,0.0,,"{""creditLessThan"":0.1,""displayDescriptionOnly"":""1"",""walletId"":1,""changeGameId"":1,""displayAngpaoText"":""1""}",FREE,0.0,,WEEKLY,,,,5.0460430296218215,1
https://reef33.vip,Reef33,806508,<b>Daily Free 30 </b>,,30.0,30.0,1500.0,10.0,0.0,,"{""creditLessThan"":0.1,""displayDescriptionOnly"":""1"",""displayAngpaoText"":""0"",""changeGameId"":1,""walletId"":1}",FREE,0.0,,DAILY,,,,0.3377987585017371,1
https://reef33.vip,Reef33,139799,<b>Daily Free Lucky 365</b>,,5.0,5.0,200.0,10.0,0.0,,"{""creditLessThan"":0.1,""displayDescriptionOnly"":""1"",""displayAngpaoText"":""1"",""changeGameId"":1,""walletId"":1}",FREE,0.0,,DAILY,,,,0.3974190335047421,1
https://reef33.vip,Reef33,811174,<b>Daily Free </b>,,3.0,3.0,150.0,10.0,0.0,,"{""creditLessThan"":0.1,""displayDescriptionOnly"":""1"",""displayAngpaoText"":""1"",""changeGameId"":1,""walletId"":1}",FREE,0.0,,DAILY,,,,0.2915211013307543,1
https://we1winau.com,We1winAU,16642,<b>Daily Free Credit<b>,,5.0,5.0,50.0,0.05,0.0,,"{""displayDescriptionOnly"":""1"",""displayAngpaoText"":""1"",""creditLessThan"":0.1,""walletId"":1,""changeGameId"":1}",FREE,0.0,,DAILY,,,,0.0457431133345286,1
https://we1winau.com,We1winAU,16665,<b>We1winAU Download APP Free<b>,,20.0,20.0,200.0,10.0,0.0,,"{""mobileAppOnly"":""1"",""displayAngpaoText"":""1"",""displayDescriptionOnly"":""1"",""creditLessThan"":0.1,""walletId"":1,""changeGameId"":1}",FREE,0.0,,,,,,2.4598255150108943,1
https://harbour33.com,HARBOUR33,815239,<b>⭐Harbour33 Mega Event </b>,,88.0,88.0,1000.0,15.0,0.0,,"{""creditLessThan"":0.1,""walletId"":1,""changeGameId"":1,""displayDescriptionOnly"":""1"",""registerBeforeDate"":""2026-04-30"",""displayAngpaoText"":""1""}",FREE,0.0,,,,,,2.6646490168407952,1
https://harbour33.com,HARBOUR33,135990,<b>⭐DAILY HOUR FREE,,4.0,4.0,50.0,10.0,0.0,,"{""creditLessThan"":0.1,""walletId"":1,""changeGameId"":1,""displayAngpaoText"":""1"",""displayDescriptionOnly"":""1""}",FREE,0.0,,HOURLY,,,,1.6776200232700398,1
https://harbour33.com,HARBOUR33,815675,<B>Apps Daily Free</B>,,15.0,15.0,500.0,10.01,0.0,,"{""creditLessThan"":0.1,""walletId"":1,""changeGameId"":1,""displayDescriptionOnly"":""1"",""mobileAppOnly"":""1""}",FREE,0.0,,,,,,0.536143501779564,1
https://win99aud.com,WIN99AUD,180311,<b>Apps Angpao $5</b>,,5.0,5.0,200.0,20.0,0.0,,"{""displayDescriptionOnly"":""1"",""displayAngpaoText"":""1"",""mobileAppOnly"":""1"",""walletId"":1,""changeGameId"":1}",FREE,0.0,,,,,,0.5045888277145305,1
https://win99aud.com,WIN99AUD,122337,<b>FREE 365 DAY</b>,,20.0,20.0,600.0,15.0,0.0,,"{""creditLessThan"":0.1,""displayDescriptionOnly"":""1"",""displayAngpaoText"":""1"",""changeGameId"":1,""walletId"":1}",FREE,0.0,,DAILY,,,,0.7203739083272979,1
https://win99aud.com,WIN99AUD,714578,<b>Telegram Free $100<b>,,100.0,100.0,1000.0,15.0,0.0,,"{""displayAngpaoText"":""0"",""displayDescriptionOnly"":""1"",""creditLessThan"":0.1,""registerDate"":""2024-01-01"",""mobileAppOnly"":""0"",""mustJoinTelegramChannel"":""Aus55Channel"",""changeGameId"":1,""walletId"":1}",FREE,0.0,,,,,,3.151055490713614,1
https://play77au.com,PLAY77,16068,DAILY CHECK IN : DAY 7,,5.0,5.0,100.0,10.0,0.0,,"{""claimTime"":""N=7"",""creditLessThan"":0.1,""maxRoundTargetAll"":500,""displayAngpaoText"":""0"",""walletId"":1,""changeGameId"":1,""displayDescriptionOnly"":""1""}",FREE,0.0,,DAILY,,,,0.9452270845626882,1
https://play99au.com,Play99 Aus Online Pokies,176401,<b>IOS & ANDROID APPS BONUS</b>,,18.0,18.0,388.0,18.0,0.0,,"{""creditLessThan"":1,""displayDescriptionOnly"":""1"",""mobileAppOnly"":""1"",""walletId"":1,""changeGameId"":1,""displayAngpaoText"":""0""}",FREE,0.0,,,,,,1.1485013436929892,1
https://vv88aud.io,VV88 AUS,728560,WELCOME BACK FREEBIES,,100.0,100.0,2000.0,20.0,0.0,,"{""displayAngpaoText"":""0"",""walletId"":1,""changeGameId"":1,""displayDescriptionOnly"":""1""}",FREE,0.0,,MONTHLY,,,,1.4547966200963671,1
https://safeau.net,SafeAu,826326,<b>Welcome Back</b>,,168.0,168.0,3000.0,15.0,0.0,,"{""creditLessThan"":0.01,""walletId"":1,""changeGameId"":1,""displayDescriptionOnly"":""1"",""displayAngpaoText"":""0""}",FREE,0.0,,,,,,1.5752023724444957,1
https://safeau.net,SafeAu,826325,<b>Telegram Free Premium</b>,,66.0,66.0,3000.0,66.0,0.0,,"{""walletId"":1,""changeGameId"":1,""displayAngpaoText"":""0"",""displayDescriptionOnly"":""1"",""creditLessThan"":0.1,""registerDate"":""2022-01-01"",""mustJoinTelegramChannel"":""SafeAuChannel""}",FREE,0.0,,,,,,0.7016785189575544,1
https://safeau.net,SafeAu,219016,<b>Daily Delights</b>,,6.66,6.66,450.0,15.0,0.0,,"{""walletId"":1,""changeGameId"":1,""creditLessThan"":0.01,""displayDescriptionOnly"":""1""}",FREE,0.0,,DAILY,,,,0.2430002275673908,1
https://safeau.net,SafeAu,461646,<b>Weekend Delights</b>,,50.0,50.0,2088.0,15.0,0.0,,"{""walletId"":1,""changeGameId"":1,""creditLessThan"":0.01,""claimTime"":""N=06,N=07"",""displayDescriptionOnly"":""1"",""displayAngpaoText"":""1""}",FREE,0.0,,DAILY,,,,0.5054807248079518,1
https://safeau.net,SafeAu,461642,<B>DOWNLOAD APP FREE</B>,,10.0,10.0,399.0,15.0,0.0,,"{""creditLessThan"":0.01,""displayDescriptionOnly"":""1"",""displayAngpaoText"":""1"",""mobileAppOnly"":""1"",""walletId"":1,""changeGameId"":1}",FREE,0.0,,DAILY,,,,0.4819599301726792,1
https://mrbean9.com,MrBean9,751475,MrBean9 APP BONUS,,13.0,13.0,630.0,10.0,0.0,,"{""creditLessThan"":1,""displayDescriptionOnly"":""1"",""mobileAppOnly"":""1"",""displayAngpaoText"":""1"",""fixRT"":1,""walletId"":1,""changeGameId"":1}",FREE,0.0,,WEEKLY,,,,0.3325751938655694,1
https://spinup77.com,SPINUP77,151435,<b>Only Fan 【Limited】</b>,,10.0,10.0,199.0,10.0,0.0,,"{""maxRoundTargetAll"":1,""displayDescriptionOnly"":""1"",""creditLessThan"":0.1,""changeGameId"":1,""walletId"":1}",FREE,0.0,,DAILY,,,,0.9945015538788536,1
https://spinup77.com,SPINUP77,151143,<b>Daily Free</b>,,27.0,27.0,577.0,10.0,0.0,,"{""creditLessThan"":0.1,""displayDescriptionOnly"":""1"",""ignoreTrxAmount"":1,""changeGameId"":1,""walletId"":1}",FREE,0.0,,DAILY,,,,0.9708184036084224,1
https://spinup77.com,SPINUP77,151127,<b>Download App Bonus</b>,,27.0,27.0,577.0,10.0,0.0,,"{""creditLessThan"":0.1,""displayDescriptionOnly"":""1"",""displayAngpaoText"":""1"",""mobileAppOnly"":""1"",""ignoreTrxAmount"":1,""changeGameId"":1,""walletId"":1}",FREE,0.0,,DAILY,,,,0.9708184036084224,1
https://umi999.com,UMI999,451987,DAILY GET FREE,,28.0,28.0,40.0,20.0,0.0,,"{""walletId"":1,""changeGameId"":1,""creditLessThan"":0.01,""fixRT"":1,""displayDescriptionOnly"":""1""}",FREE,0.0,,DAILY,,,,36.34879055449345,1
https://umi999.com,UMI999,695731,APP BONUS,,18.0,18.0,68.0,20.0,0.0,,"{""walletId"":1,""changeGameId"":1,""creditLessThan"":0.01,""fixRT"":1,""displayDescriptionOnly"":""1"",""mobileAppOnly"":""1""}",FREE,0.0,,,,,,10.472530755252263,1
https://umi999.com,UMI999,169089,Sign In Day 7,,26.0,26.0,37.0,20.0,0.0,,"{""walletId"":1,""changeGameId"":1,""claimTime"":""N=07"",""creditLessThan"":0.01,""fixRT"":1,""displayDescriptionOnly"":""1""}",FREE,0.0,,WEEKLY,,,,36.34890379372467,1
https://inskingdom8.com,INSKINGDOM8,823234,<b>Welcome Back Free,,100.0,100.0,300.0,20.0,0.0,,"{""creditLessThan"":0.1,""displayDescriptionOnly"":""1"",""registerBeforeDate"":""2026-03-01"",""changeGameId"":1,""walletId"":1}",FREE,0.0,,,,,,15.584332644933966,1
https://inskingdom8.com,INSKINGDOM8,461126,<b>Daily Free Credit,,10.0,10.0,150.0,15.0,0.0,,"{""creditLessThan"":0.1,""displayDescriptionOnly"":""1"",""walletId"":1,""changeGameId"":1}",FREE,0.0,,DAILY,,,,1.637242382821673,1
https://inskingdom8.com,INSKINGDOM8,237229,<B>Download Apps Free,,50.0,50.0,500.0,10.0,0.0,,"{""creditLessThan"":0.1,""displayDescriptionOnly"":""1"",""walletId"":1,""changeGameId"":1,""displayAngpaoText"":""1"",""mobileAppOnly"":""1""}",FREE,0.0,,,,,,2.60975639940788,1
https://royalaud.com,ROYAL77,822444,<b>⭐Hourly Reward,,5.0,5.0,100.0,10.0,0.0,,"{""creditLessThan"":0.1,""displayAngpaoText"":""1"",""displayDescriptionOnly"":""1"",""changeGameId"":1,""walletId"":1}",FREE,0.0,,HOURLY,,,,0.9452270845626882,1
https://royalaud.com,ROYAL77,167842,<b>Daily Ultra Free</b>,,30.0,30.0,600.0,10.0,0.0,,"{""creditLessThan"":0.1,""walletId"":1,""changeGameId"":1,""displayDescriptionOnly"":""1""}",FREE,0.0,,DAILY,,,,1.0618986286136922,1
https://royalaud.com,ROYAL77,187441,<b>Android Download Free</b>,,10.0,10.0,600.0,10.0,0.0,,"{""creditLessThan"":0.5,""displayDescriptionOnly"":""1"",""walletId"":1,""changeGameId"":1,""mobileAppOnly"":""1""}",FREE,0.0,,DAILY,,,,0.2503126214987163,1
https://royalaud.com,ROYAL77,741875,<b>Subscribe Bonus</b>,,30.0,30.0,200.0,10.0,0.0,,"{""displayAngpaoText"":""0"",""displayDescriptionOnly"":""1"",""creditLessThan"":0.1,""mustJoinTelegramChannel"":""COMPANYSPEEDAU"",""walletId"":1,""changeGameId"":1}",FREE,0.0,,,,,,4.192611568525111,1
https://gold77au.com,GOLD77,162187,"<b style=""color:#;"">Daily Free Chip</b>",,777.0,777.0,7770.0,10.0,0.0,,"{""startDate"":""2023-11-15"",""creditLessThan"":0.05,""displayDescriptionOnly"":""1"",""walletId"":1,""changeGameId"":1}",FREE,0.0,,DAILY,,,,3.070192925334543,1
https://ubet96.com,Ubet AUS,704577,APP BONUS,,10.0,10.0,289.0,19.0,0.0,,"{""creditLessThan"":0.1,""mobileAppOnly"":""1"",""displayAngpaoText"":""0""}",FREE,0.0,,,,,,0.7793316153788195,1
https://ubet96.com,Ubet AUS,103789,1 Share Free $6,,6.0,6.0,108.0,20.0,0.0,,"{""customBonus"":""sharebonus"",""creditLessThan"":0.1,""startDate"":""2024-01-10"",""displayAngpaoText"":""0"",""mobileAppOnly"":""1"",""maxCount"":3}",CUSTOM,0.0,,,,,,1.3849206226456785,1
https://umi999.com,UMI999,451987,DAILY GET FREE,,28.0,28.0,40.0,20.0,0.0,,"{""walletId"":1,""changeGameId"":1,""creditLessThan"":0.01,""fixRT"":1,""displayDescriptionOnly"":""1""}",FREE,0.0,,DAILY,,,,36.34879055449345,1
https://umi999.com,UMI999,695731,APP BONUS,,18.0,18.0,68.0,20.0,0.0,,"{""walletId"":1,""changeGameId"":1,""creditLessThan"":0.01,""fixRT"":1,""displayDescriptionOnly"":""1"",""mobileAppOnly"":""1""}",FREE,0.0,,,,,,10.472530755252263,1
https://aud365.co,AUDBET365,776605,<b>App Free $188</b> #C,,188.0,188.0,238.0,100.0,0.0,,"{""creditLessThan"":0.1,""displayDescriptionOnly"":""1"",""registerDate"":""2023-04-05"",""walletId"":1,""changeGameId"":1,""displayAngpaoText"":""1"",""mobileAppOnly"":""1""}",FREE,0.0,,,,,,72.15791076458724,1
https://aud365.co,AUDBET365,230762,<b>Ultra Daily FREE</b> #R,,888.0,888.0,8888.0,10.0,0.0,,"{""creditLessThan"":0.1,""startDate"":""2024-12-21"",""displayDescriptionOnly"":""1"",""walletId"":1,""changeGameId"":1,""mobileAppOnly"":""1""}",FREE,0.0,,DAILY,,,,3.0892497883969123,1
https://wildspin24.com,Wildspin24,836892,All Member Free,,88.0,88.0,888.0,20.0,0.0,,"{""creditLessThan"":0.1,""displayDescriptionOnly"":""1"",""changeGameId"":1,""walletId"":1}",FREE,0.0,,,,,,3.3943571169483695,1
https://wildspin24.com,Wildspin24,182099,Daily Free Credit,,10.0,10.0,150.0,15.0,0.0,,"{""creditLessThan"":0.1,""displayDescriptionOnly"":""1"",""changeGameId"":1,""walletId"":1}",FREE,0.0,,DAILY,,,,1.637242382821673,1
https://wildspin24.com,Wildspin24,836890,Hourly Free Credit,,5.0,5.0,50.0,10.0,0.0,,"{""creditLessThan"":0.1,""displayDescriptionOnly"":""1"",""changeGameId"":1,""walletId"":1}",FREE,0.0,,HOURLY,,,,2.248141548510455,1
https://jackpotau.com,JACKPOTAU,771378,WELCOME BACK FREE,,100.0,100.0,2000.0,20.0,0.0,,"{""displayAngpaoText"":""0"",""walletId"":1,""changeGameId"":1,""displayDescriptionOnly"":""1""}",FREE,0.0,,MONTHLY,,,,1.4547966200963671,1
https://jackpotau.com,JACKPOTAU,487171,Everyday Free Chip,,10.0,10.0,100.0,15.0,0.0,,"{""displayDescriptionOnly"":""1"",""walletId"":1,""changeGameId"":1,""displayAngpaoText"":""1""}",FREE,0.0,,DAILY,,,,2.717859814853726,1
https://truewin77.com,TRUEWIN77,0,Daily Rollover Rebate,REBATE,,0.19,0.0,3000.0,,,,,,,,,,,14.708994598939544,1
https://truewin77.com,TRUEWIN77,0,Daily Rollover Rebate,REBATE,,0.19,0.0,3000.0,,,,,,,,,,,14.708994598939544,1
https://thepokies33.com,ThePokies33,0,Daily Rollover Rebate 0.6%,REBATE,,0.11,,3000.0,,,,,,,,,,,7.383936723492344,1
https://mkaus.co,MK Gaming,1751,Free Chips Everyday,,1.0,1.0,127.0,27.0,0.0,,"{""creditLessThan"":0.5,""mobileAppOnly"":""0"",""displayDescriptionOnly"":""1"",""walletId"":1,""changeGameId"":1}",FREE,0.0,,DAILY,,,,0.1195478563265788,1
https://dd8au.com,DD8AU,469162,DAILY FREE,,500.0,500.0,10000.0,10.0,0.0,,"{""creditLessThan"":0.1, ""displayDescriptionOnly"":""1"",""walletId"":1,""changeGameId"":1}",FREE,0.0,,DAILY,,,,1.2595888978752612,1
https://keno99.com,Keno99,690698,<b>Daily Free Point</b>,,3200.0,3200.0,0.0,15.0,64000.0,,"{""creditLessThan"":1,""mobileAppOnly"":""0"",""walletId"":1,""changeGameId"":1,""displayAngpaoText"":""1"",""displayDescriptionOnly"":""1""}",FREE,0.0,,DAILY,,,,2.0881815322696407e-08,1
https://keno99.com,Keno99,690699,<b>Earn Point Bonus</b>,,198.0,198.0,238.0,10.0,0.0,,"{""creditLessThan"":1,""mobileAppOnly"":""0"",""walletId"":1,""changeGameId"":1,""displayAngpaoText"":""1"",""displayDescriptionOnly"":""1""}",FREE,0.0,,DAILY,,,,40.12357847203428,1
https://pp99au.com,PP99,16504,PP99 REBATE BALANCE REDEMPTION,,5.0,5.0,288.88,50.0,0.0,,"{""customBonus"":""manual"",""maxWithdrawTimeAmount"":1,""fixRT"":1,""displayDescriptionOnly"":""1"",""showIfAmount"":1}",CUSTOM,0.0,,,,,,0.4115317540420936,1
https://pp99au.com,PP99,28753,APPS DAILY FREE,,30.0,30.0,600.0,20.0,0.0,,"{""creditLessThan"":1,""walletId"":1,""changeGameId"":1,""displayDescriptionOnly"":""1"",""displayAngpaoText"":""1"",""mobileAppOnly"":""1""}",FREE,0.0,,DAILY,,,,1.3482549626236184,1
https://inskingdom8.com,INSKINGDOM8,823234,<b>Welcome Back Free,,100.0,100.0,300.0,20.0,0.0,,"{""creditLessThan"":0.1,""displayDescriptionOnly"":""1"",""registerBeforeDate"":""2026-03-01"",""changeGameId"":1,""walletId"":1}",FREE,0.0,,,,,,15.584332644933966,1
https://inskingdom8.com,INSKINGDOM8,461126,<b>Daily Free Credit,,10.0,10.0,150.0,15.0,0.0,,"{""creditLessThan"":0.1,""displayDescriptionOnly"":""1"",""walletId"":1,""changeGameId"":1}",FREE,0.0,,DAILY,,,,1.637242382821673,1
https://inskingdom8.com,INSKINGDOM8,237229,<B>Download Apps Free,,50.0,50.0,500.0,10.0,0.0,,"{""creditLessThan"":0.1,""displayDescriptionOnly"":""1"",""walletId"":1,""changeGameId"":1,""displayAngpaoText"":""1"",""mobileAppOnly"":""1""}",FREE,0.0,,,,,,2.60975639940788,1
https://cergas.online,CERGASBET,26510,DAILY FREE CREDIT,,5.0,5.0,100.0,10.0,0.0,,"{""displayDescriptionOnly"":""1"",""displayAngpaoText"":""1"",""creditLessThan"":0.1,""walletId"":1,""changeGameId"":1}",FREE,0.0,,DAILY,,,,0.9452270845626882,1
https://cergas.online,CERGASBET,9239,HOURLY FREE 365,,3.0,3.0,100.0,10.0,0.0,,"{""mobileAppOnly"":""0"",""displayDescriptionOnly"":""1"",""displayAngpaoText"":""1"",""creditLessThan"":0.1,""walletId"":1,""changeGameId"":1}",FREE,0.0,,HOURLY,,,,0.4839316980808067,1
https://cergas.online,CERGASBET,26823,CERGAS APP BONUS,,10.0,10.0,100.0,10.0,0.0,,"{""creditLessThan"":0.1,""startDate"":""2024-10-12"",""displayAngpaoText"":""0"",""mobileAppOnly"":""1"",""walletId"":1,""changeGameId"":1,""displayDescriptionOnly"":""1""}",FREE,0.0,,,,,,2.3505625446321727,1
https://richspinau.com,RICHSPINAU,210265,<b>FREE 365</b>,,5.0,5.0,100.0,10.0,0.0,,"{""creditLessThan"":""0.01"",""displayDescriptionOnly"":""1"",""walletId"":1,""changeGameId"":1}",FREE,0.0,,DAILY,,,,0.9452270845626882,1
https://richspinau.com,RICHSPINAU,710814,<b>Download App Bonus</b>,,20.0,20.0,500.0,10.0,0.0,,"{""displayDescriptionOnly"":""1"",""displayAngpaoText"":""1"",""mobileAppOnly"":""1"",""walletId"":1,""changeGameId"":1}",FREE,0.0,,DAILY,,,,0.7824908919849999,1
https://richspinau.com,RICHSPINAU,836835,<b>▶️REFREH BONUS</b>,,88.0,88.0,600.0,15.0,0.0,,"{""creditLessThan"":0.1,""displayDescriptionOnly"":""1"",""walletId"":1,""changeGameId"":1,""displayAngpaoText"":""1""}",FREE,0.0,,WEEKLY,,,,5.0460430296218215,1
https://thestar.asia,TheStar,229154,FREE SPIN 365 DAYS,,377.0,377.0,3777.0,20.0,0.0,,"{""creditLessThan"":0.1,""displayDescriptionOnly"":""1"",""displayAngpaoText"":""1"",""walletId"":1,""changeGameId"":1,""mobileAppOnly"":""0""}",FREE,0.0,,DAILY,,,,3.7345832540718886,1
https://thestar.asia,TheStar,132292,App Free Bonus,,777.0,777.0,7777.0,20.0,0.0,,"{""creditLessThan"":0.1,""displayDescriptionOnly"":""1"",""displayAngpaoText"":""1"",""walletId"":1,""changeGameId"":1,""mobileAppOnly"":""1""}",FREE,0.0,,DAILY,,,,3.893729558135782,1
https://aud99.com,Aud99,0,Rollover Rebate,REBATE,,0.13,,,,,,,,,,,,,9.37437321113813,1
https://aud99.com,Aud99,0,Daily Bet Rebate,REBATE,,0.13,,599.0,,,,,,,,,,,7.280502246217325,1
https://aus2u.com,Aus2u,160303,1+1 X AUS2U 579$,,579.0,579.0,11580.0,18.0,0.0,,"{""displayAngpaoText"":""0"",""displayDescriptionOnly"":""1"",""walletId"":1,""changeGameId"":1,""creditLessThan"":0.1}",FREE,0.0,,DAILY,,,,1.559456007211032,1
https://aus2u.com,Aus2u,192871,Daily Free Credit $99,,99.0,99.0,4000.0,20.0,0.0,,"{""displayAngpaoText"":""1"",""displayDescriptionOnly"":""1"",""walletId"":1,""changeGameId"":1,""creditLessThan"":0.1}",FREE,0.0,,DAILY,,,,0.6036577182586934,1
https://aus2u.com,Aus2u,160322,SUNDAY FREE $$$,,15.0,15.0,480.0,15.0,0.0,,"{""mobileAppOnly"":""1"",""claimTime"":""N=07"",""displayAngpaoText"":""0"",""displayDescriptionOnly"":""1"",""walletId"":1,""changeGameId"":1,""creditLessThan"":0.1}",FREE,0.0,,WEEKLY,,,,0.6521277816524131,1
https://aus2u.com,Aus2u,160324,ANDROID FREE 25$,,25.0,25.0,600.0,15.0,0.0,,"{""displayDescriptionOnly"":""1"",""mobileAppOnly"":""1"",""walletId"":1,""changeGameId"":1,""creditLessThan"":0.1}",FREE,0.0,,DAILY,,,,0.9660971283883644,1
https://dolphin88.co,Dolphin88,767719,<b>365 Daily App Bonus</b>,,40.88,40.88,1588.0,8.8,0.0,,"{""creditLessThan"":""0.10"",""mobileAppOnly"":""1"",""displayDescriptionOnly"":""1"",""walletId"":1,""changeGameId"":1}",FREE,0.0,,DAILY,,,,0.4496846280395866,1
https://dolphin88.co,Dolphin88,156000,<b>Download App Bonus</b>,,5.0,5.0,300.0,20.0,0.0,,"{""creditLessThan"":""0.10"",""mobileAppOnly"":""1"",""displayDescriptionOnly"":""1"",""walletId"":1,""changeGameId"":1}",FREE,0.0,,,,,,0.3039649838146617,1
https://dolphin88.co,Dolphin88,829749,<B>EXCLUSIVE BONUS</B>,,50.0,50.0,300.0,10.0,0.0,,"{""fixRT"":1,""creditLessThan"":0.1,""displayDescriptionOnly"":""0"",""changeGameId"":1,""walletId"":1,""registerBeforeDate"":""2026-06-15""}",FREE,0.0,,DAILY,,,,4.942092937949541,1
https://dolphin88.co,Dolphin88,145970,<b>Daily Free $38.88 </b>,,38.88,38.88,1088.0,8.8,0.0,,"{""walletId"":1,""changeGameId"":1,""creditLessThan"":0.1,""displayDescriptionOnly"":""1""}",FREE,0.0,,DAILY,,,,0.6753956605166789,1
https://skygate9au.com,SkyGate9,0,Rollover Rebate,REBATE,,0.11,,500.0,,,,,,,,,,,5.733076203468725,1
https://skygate9au.com,SkyGate9,0,Rollover Rebate,REBATE,,0.11,,500.0,,,,,,,,,,,5.733076203468725,1
https://skygate9au.com,SkyGate9,0,Rollover Rebate,REBATE,,0.14,,500.0,,,,,,,,,,,7.7678836462507475,1
https://spincrown33.com,SpinCrown33,731984,<b>Daily Free $3</b>,,3.0,3.0,150.0,10.0,0.0,,"{""displayDescriptionOnly"":""1"",""displayAngpaoText"":""1"",""creditLessThan"":0.1}",FREE,0.0,,DAILY,,,,0.2915211013307543,1
https://spincrown33.com,SpinCrown33,790955,<b>Daily Free $4</b>,,4.0,4.0,200.0,10.0,0.0,,"{""displayDescriptionOnly"":""1"",""displayAngpaoText"":""1"",""creditLessThan"":0.1}",FREE,0.0,,DAILY,,,,0.2965641236771447,1
https://spincrown33.com,SpinCrown33,731985,<b>Daily Free Telegram</b>,,5.0,5.0,250.0,10.0,0.0,,"{""displayAngpaoText"":""1"",""displayDescriptionOnly"":""1"",""creditLessThan"":0.1,""registerDate"":""2024-01-01"",""mobileAppOnly"":""0"",""mustJoinTelegramChannel"":""AllPokiesHub4""}",FREE,0.0,,DAILY,,,,0.3006845729562095,1
https://pokiesbillion.com,POKIESBILLION,241382,<b>Download PokiesBillion APK</b>,,20.0,20.0,450.0,10.0,0.0,,"{""creditLessThan"":0.1,""displayDescriptionOnly"":""1"",""registerDate"":""2024-06-17"",""walletId"":1,""changeGameId"":1,""mobileAppOnly"":""1"",""displayAngpaoText"":""1""}",FREE,0.0,,DAILY,,,,0.8926396100823013,1
https://pokiesbillion.com,POKIESBILLION,786911,<b>✅Hourly Free,,3.0,3.0,100.0,3.0,0.0,,"{""creditLessThan"":0.1,""walletId"":1,""changeGameld"":1,""displayAngpaoText"":""1"",""displayDescriptionOnly"":""1""}",FREE,0.0,,HOURLY,,,,0.2797752645108979,1
https://pokiesbillion.com,POKIESBILLION,802814,<b>Restore Maintenance Bonus</b>,,8.0,8.0,450.0,10.0,0.0,,"{""displayDescriptionOnly"":""1"",""walletId"":1,""changeGameId"":1}",FREE,0.0,,,,,,0.2674287575537815,1
https://pokiesbillion.com,POKIESBILLION,236699,<b>Free All Slot 365Days,,3.0,3.0,150.0,10.0,0.0,,"{""creditLessThan"":0.1,""displayDescriptionOnly"":""1"",""displayAngpaoText"":""1""}",FREE,0.0,,DAILY,,,,0.2915211013307543,1
https://pokiesbillion.com,POKIESBILLION,838022,<b>▶️Billion Appreciate 1</b>,,38.0,38.0,500.0,10.0,0.0,,"{""creditLessThan"":0.1,""displayDescriptionOnly"":""1"",""walletId"":1,""changeGameId"":1,""displayAngpaoText"":""1""}",FREE,0.0,,WEEKLY,,,,1.8197314677822884,1
https://rolex9.net,Rolex9,751797,Apps Daily Free,,20.0,20.0,300.0,10.0,0.0,,"{""creditLessThan"":1,""displayDescriptionOnly"":""1"",""mobileAppOnly"":""1"",""displayAngpaoText"":""1""}",FREE,0.0,,DAILY,,,,1.4818021759296418,1
https://hb88au.com,HB88 PayID Casino Australia,210427,<b>IOS & ANDROID APPS BONUS</b>,,18.0,18.0,388.0,18.0,0.0,,"{""creditLessThan"":1,""displayDescriptionOnly"":""1"",""mobileAppOnly"":""1"",""walletId"":1,""changeGameId"":1,""displayAngpaoText"":""0""}",FREE,0.0,,,,,,1.1485013436929892,1
https://speedaud.com,SpeedAUD,166558,1+1 X SPEEDAUD 369$,,369.0,369.0,7380.0,18.0,0.0,,"{""displayAngpaoText"":""0"",""displayDescriptionOnly"":""1"",""walletId"":1,""changeGameId"":1,""creditLessThan"":0.1}",FREE,0.0,,DAILY,,,,1.5202404984199054,1
https://speedaud.com,SpeedAUD,192867,Daily Free Credit $99,,99.0,99.0,4000.0,20.0,0.0,,"{""displayAngpaoText"":""1"",""displayDescriptionOnly"":""1"",""walletId"":1,""changeGameId"":1,""creditLessThan"":0.1}",FREE,0.0,,DAILY,,,,0.6036577182586934,1
https://speedaud.com,SpeedAUD,166589,SUNDAY FREE $$$,,17.0,17.0,480.0,15.0,0.0,,"{""mobileAppOnly"":""1"",""claimTime"":""N=07"",""displayAngpaoText"":""0"",""displayDescriptionOnly"":""1"",""walletId"":1,""changeGameId"":1,""creditLessThan"":0.1}",FREE,0.0,,WEEKLY,,,,0.7688574485217028,1
https://me99aud.com,Me99,99833,me99 APP BONUS,,15.0,15.0,500.0,10.0,0.0,,"{""creditLessThan"":1,""displayDescriptionOnly"":""1"",""mobileAppOnly"":""1"",""displayAngpaoText"":""1"",""fixRT"":1,""walletId"":1,""changeGameId"":1}",FREE,0.0,,DAILY,,,,0.5359404081626119,1
https://in8.one,IN8,463893,New Register Free,,198.0,198.0,2000.0,20.0,0.0,,"{""displayDescriptionOnly"":""1"",""creditLessThan"":0.01,""walletId"":1,""changeGameId"":1}",FREE,0.0,,,,,,3.560592957296053,1
https://in8.one,IN8,796828,FACEBOOK LIMITED BONUS,,8.0,8.0,80.0,10.0,0.0,,"{""displayDescriptionOnly"":""1"",""creditLessThan"":0.01,""walletId"":1,""changeGameId"":1}",FREE,0.0,,DAILY,,,,2.316654479144853,1
https://in8.one,IN8,795594,TELEGRAM LIMITED BONUS,,10.0,10.0,288.0,20.0,0.0,,"{""displayDescriptionOnly"":""1"",""creditLessThan"":0.01,""walletId"":1,""changeGameId"":1}",FREE,0.0,,DAILY,,,,0.7954633400358477,1
https://zeroaud.com,ZERO,168227,<b>Daily Free</b>,,20.0,20.0,500.0,10.0,0.0,,"{""creditLessThan"":""0.10"",""displayDescriptionOnly"":""1"",""changeGameId"":1,""walletId"":1}",FREE,0.0,,DAILY,,,,0.7824908919849999,1
https://zeroaud.com,ZERO,835469,<b>July Special Extra Free AUD58</b>,,58.0,58.0,888.0,13.0,0.0,,"{""creditLessThan"":""0.10"",""displayDescriptionOnly"":""1"",""changeGameId"":1,""walletId"":1,""displayAngpaoText"":""0""}",FREE,0.0,,DAILY,,,,1.702415111858481,1
https://zeroaud.com,ZERO,168162,<b>Download App Bonus</b>,,30.0,30.0,700.0,10.0,0.0,,"{""creditLessThan"":0.1,""displayDescriptionOnly"":""1"",""displayAngpaoText"":""1"",""mobileAppOnly"":""1"",""ignoreTrxAmount"":1,""changeGameId"":1,""walletId"":1}",FREE,0.0,,DAILY,,,,0.8757891750140593,1
https://zeroaud.com,ZERO,168295,<b>Share Friends Get</b>,,3.0,3.0,45.0,0.05,0.0,,"{""customBonus"":""sharebonus"",""creditLessThan"":0.1,""startDate"":""2024-02-01"",""displayDescriptionOnly"":""1"",""displayAngpaoText"":""1"",""changeGameId"":1,""walletId"":1}",CUSTOM,0.0,,,,,,0.0267159422195756,1
https://mrbet9au.info,MrBet9au,231927,<b>Ultra Daily FREE</b> <b>#R</b>,,888.0,888.0,8888.0,10.0,0.0,,"{""creditLessThan"":0.1,""startDate"":""2025-04-03"",""displayDescriptionOnly"":""1"",""walletId"":1,""changeGameId"":1,""mobileAppOnly"":""1""}",FREE,0.0,,DAILY,,,,3.0892497883969123,1
https://luxeau777.com,LUXEAU777,230235,<b>Free Slot 365Days,,3.0,3.0,150.0,10.0,0.0,,"{""creditLessThan"":0.1,""displayDescriptionOnly"":""1"",""displayAngpaoText"":""1""}",FREE,0.0,,DAILY,,,,0.2915211013307543,1
https://luxeau777.com,LUXEAU777,447384,<b>Luxury Event Giveaway</b>,,18.0,18.0,250.0,10.0,0.0,,"{""displayDescriptionOnly"":""1"",""walletId"":1,""changeGameId"":1}",FREE,0.0,,WEEKLY,,,,1.6202193214695504,1
https://luxeau777.com,LUXEAU777,775516,<b>Download Luxeau777 APK</b>,,20.0,20.0,450.0,10.0,0.0,,"{""creditLessThan"":0.1,""displayDescriptionOnly"":""1"",""registerDate"":""2024-06-17"",""walletId"":1,""changeGameId"":1,""mobileAppOnly"":""1"",""displayAngpaoText"":""1""}",FREE,0.0,,DAILY,,,,0.8926396100823013,1
https://vvip15au.com,VVIP15 Australia Online Casino,186269,<b>DOWNLOAD APPS BONUS</b>,,15.55,15.55,311.0,20.0,0.0,,"{""creditLessThan"":1,""displayDescriptionOnly"":""1"",""mobileAppOnly"":""1"",""walletId"":1,""changeGameId"":1,""displayAngpaoText"":""0""}",FREE,0.0,,,,,,1.2916435191820996,1
https://sapphireaud.com,SAPPHIRE,133076,<b>Bonza Free 365</b>,,3.0,3.0,150.0,10.0,0.0,,"{""creditLessThan"":0.1,""displayDescriptionOnly"":""1"",""displayAngpaoText"":""1""}",FREE,0.0,,DAILY,,,,0.2915211013307543,1
https://sapphireaud.com,SAPPHIRE,829207,<b>VPLUS Daily Free </b>,,2.0,2.0,200.0,0.05,0.0,,"{""displayDescriptionOnly"":""1""}",FREE,0.0,,DAILY,,,,0.0024383114029201,1
https://sapphireaud.com,SAPPHIRE,711479,<b>TLG Daily Free 5</b>,,5.0,5.0,250.0,10.0,0.0,,"{""displayAngpaoText"":""1"",""displayDescriptionOnly"":""1"",""creditLessThan"":0.1,""registerDate"":""2024-01-01"",""mobileAppOnly"":""0"",""mustJoinTelegramChannel"":""SapphireAUFreebieGroupA1""}",FREE,0.0,,DAILY,,,,0.3006845729562095,1
https://sapphireaud.com,SAPPHIRE,468347,<b>Weekly Commission</b>,,0.8,0.8,0.0,1800.0,4.0,,"{""customBonus"":""commissionweek"",""creditLessThan"":0.1,""startDate"":""2025-06-30"",""claimTime"":""A=PM"",""displayDescriptionOnly"":""1"",""displayAngpaoText"":""0""}",CUSTOM,8.0,,WEEKLY,,,,16.74475346798666,1
https://mrpokies77.com,MR.POKIES77,802837,<b>Restore Maintenance Bonus</b>,,8.0,8.0,500.0,8.0,0.0,,"{""displayDescriptionOnly"":""1"",""walletId"":1,""changeGameId"":1}",FREE,0.0,,,,,,0.2148104872235273,1
https://mrpokies77.com,MR.POKIES77,180941,<b>FREE 365</b>,,5.0,5.0,100.0,0.05,0.0,,"{""creditLessThan"":0.1,""displayDescriptionOnly"":""1"",""displayAngpaoText"":""1""}",FREE,0.0,,DAILY,,,,0.0192326100127747,1
https://mrpokies77.com,MR.POKIES77,213611,<b>Download Apps Daily</b>,,20.0,20.0,500.0,5.0,0.0,,"{""creditLessThan"":0.1,""displayDescriptionOnly"":""1"",""registerDate"":""2024-06-17"",""walletId"":1,""changeGameld"":1,""mobileAppOnly"":""1"",""displayAngpaoText"":""1""}",FREE,0.0,,DAILY,,,,0.5846942029551774,1
https://mrpokies77.com,MR.POKIES77,835455,<b>▶️REFRESHING FREE</b>,,88.0,88.0,600.0,15.0,0.0,,"{""creditLessThan"":0.1,""displayDescriptionOnly"":""1"",""walletId"":1,""changeGameId"":1,""displayAngpaoText"":""1""}",FREE,0.0,,WEEKLY,,,,5.0460430296218215,1
https://play99au.com,Play99 Aus Online Pokies,176401,<b>IOS & ANDROID APPS BONUS</b>,,18.0,18.0,388.0,18.0,0.0,,"{""creditLessThan"":1,""displayDescriptionOnly"":""1"",""mobileAppOnly"":""1"",""walletId"":1,""changeGameId"":1,""displayAngpaoText"":""0""}",FREE,0.0,,,,,,1.1485013436929892,1
https://ezspin68.vip,Ezspin68,470005,<b>EZ Free Credit</b>,,199.0,199.0,1990.0,10.0,0.0,,"{""creditLessThan"":1,""displayDescriptionOnly"":""1"",""mobileAppOnly"":""1"",""walletId"":1,""changeGameId"":1,""displayAngpaoText"":""0""}",FREE,0.0,,DAILY,,,,2.840657533684931,1
https://ezspin68.vip,Ezspin68,238932,<b>Free Chips</b>,,9.99,9.99,999.0,10.0,0.0,,"{""creditLessThan"":1,""displayDescriptionOnly"":""1"",""mobileAppOnly"":""1"",""walletId"":1,""changeGameId"":1}",FREE,0.0,,DAILY,,,,0.1321732034382585,1
https://betus10.co,BETUS10,218233,<b>Daily Free Credit</b>,,30.0,30.0,700.0,10.0,0.0,,"{""creditLessThan"":0.1,""displayDescriptionOnly"":""1"",""ignoreTrxAmount"":1,""changeGameId"":1,""walletId"":1}",FREE,0.0,,DAILY,,,,0.8757891750140593,1
https://betus10.co,BETUS10,218234,<b>Download App Bonus</b>,,20.0,20.0,500.0,10.0,0.0,,"{""displayDescriptionOnly"":""1"",""displayAngpaoText"":""1"",""mobileAppOnly"":""1"",""ignoreTrxAmount"":1,""changeGameId"":1,""walletId"":1}",FREE,0.0,,DAILY,,,,0.7824908919849999,1
https://betus10.co,BETUS10,218243,<b>Referred Free</b>,,6.0,6.0,300.0,50.0,0.0,,"{""customBonus"":""sharebonus"",""creditLessThan"":1,""startDate"":""2023-10-25"",""displayDescriptionOnly"":""1"",""displayAngpaoText"":""1"",""changeGameId"":1,""walletId"":1}",CUSTOM,0.0,,,,,,0.4987444533506406,1
https://vvip15au.com,VVIP15 Australia Online Casino,186269,<b>DOWNLOAD APPS BONUS</b>,,15.55,15.55,311.0,20.0,0.0,,"{""creditLessThan"":1,""displayDescriptionOnly"":""1"",""mobileAppOnly"":""1"",""walletId"":1,""changeGameId"":1,""displayAngpaoText"":""0""}",FREE,0.0,,,,,,1.2916435191820996,1
https://sapphireaud.com,SAPPHIRE,133076,<b>Bonza Free 365</b>,,3.0,3.0,150.0,10.0,0.0,,"{""creditLessThan"":0.1,""displayDescriptionOnly"":""1"",""displayAngpaoText"":""1""}",FREE,0.0,,DAILY,,,,0.2915211013307543,1
https://sapphireaud.com,SAPPHIRE,829207,<b>VPLUS Daily Free </b>,,2.0,2.0,200.0,0.05,0.0,,"{""displayDescriptionOnly"":""1""}",FREE,0.0,,DAILY,,,,0.0024383114029201,1
https://sapphireaud.com,SAPPHIRE,711479,<b>TLG Daily Free 5</b>,,5.0,5.0,250.0,10.0,0.0,,"{""displayAngpaoText"":""1"",""displayDescriptionOnly"":""1"",""creditLessThan"":0.1,""registerDate"":""2024-01-01"",""mobileAppOnly"":""0"",""mustJoinTelegramChannel"":""SapphireAUFreebieGroupA1""}",FREE,0.0,,DAILY,,,,0.3006845729562095,1
https://sapphireaud.com,SAPPHIRE,468347,<b>Weekly Commission</b>,,0.8,0.8,0.0,1800.0,4.0,,"{""customBonus"":""commissionweek"",""creditLessThan"":0.1,""startDate"":""2025-06-30"",""claimTime"":""A=PM"",""displayDescriptionOnly"":""1"",""displayAngpaoText"":""0""}",CUSTOM,8.0,,WEEKLY,,,,16.74475346798666,1
https://royalaud.com,ROYAL77,822444,<b>⭐Hourly Reward,,5.0,5.0,100.0,10.0,0.0,,"{""creditLessThan"":0.1,""displayAngpaoText"":""1"",""displayDescriptionOnly"":""1"",""changeGameId"":1,""walletId"":1}",FREE,0.0,,HOURLY,,,,0.9452270845626882,1
https://royalaud.com,ROYAL77,167842,<b>Daily Ultra Free</b>,,30.0,30.0,600.0,10.0,0.0,,"{""creditLessThan"":0.1,""walletId"":1,""changeGameId"":1,""displayDescriptionOnly"":""1""}",FREE,0.0,,DAILY,,,,1.0618986286136922,1
https://royalaud.com,ROYAL77,187441,<b>Android Download Free</b>,,10.0,10.0,600.0,10.0,0.0,,"{""creditLessThan"":0.5,""displayDescriptionOnly"":""1"",""walletId"":1,""changeGameId"":1,""mobileAppOnly"":""1""}",FREE,0.0,,DAILY,,,,0.2503126214987163,1
https://royalaud.com,ROYAL77,741875,<b>Subscribe Bonus</b>,,30.0,30.0,200.0,10.0,0.0,,"{""displayAngpaoText"":""0"",""displayDescriptionOnly"":""1"",""creditLessThan"":0.1,""mustJoinTelegramChannel"":""COMPANYSPEEDAU"",""walletId"":1,""changeGameId"":1}",FREE,0.0,,,,,,4.192611568525111,1
https://spaceman369.com,SPACEMAN369,701378,<b>Welcome Back▶️</b>,,28.0,28.0,600.0,20.0,0.0,,"{""creditLessThan"":0.5,""displayAngpaoText"":""1"",""displayDescriptionOnly"":""1"",""walletId"":1,""changeGameld"":1}",FREE,0.0,,WEEKLY,,,,1.231334055770084,1
https://spaceman369.com,SPACEMAN369,199141,<b>Download Apps Spaceman369</b>,,20.0,20.0,500.0,5.0,0.0,,"{""creditLessThan"":0.5,""displayDescriptionOnly"":""1"",""walletId"":1,""changeGameId"":1,""mobileAppOnly"":""1""}",FREE,0.0,,DAILY,,,,0.5846942029551774,1
https://spaceman369.com,SPACEMAN369,130912,<B>Lucky Box Bonus</b>,,10.0,10.0,600.0,20.0,0.0,,"{""fixRT"":1,""creditLessThan"":0.1,""walletId"":1,""changeGameld"":1,""displayDescriptionOnly"":""1""}",FREE,0.0,,DAILY,,,,0.3178130426475439,1
https://spaceman369.com,SPACEMAN369,130923,<B>SHARE BONUS</b>,,60.0,60.0,1200.0,30.0,0.0,,"{""customBonus"":""sharebonus"",""creditLessThan"":0.1,""startDate"":""2024-05-05"",""displayDescriptionOnly"":""1"",""displayAngpaoText"":""1"",""walletId"":1,""changeGameId"":1}",CUSTOM,0.0,,,,,,1.589595688650844,1
https://gold77au.com,GOLD77,162187,"<b style=""color:#;"">Daily Free Chip</b>",,777.0,777.0,7770.0,10.0,0.0,,"{""startDate"":""2023-11-15"",""creditLessThan"":0.05,""displayDescriptionOnly"":""1"",""walletId"":1,""changeGameId"":1}",FREE,0.0,,DAILY,,,,3.070192925334543,1
https://betus10.co,BETUS10,218233,<b>Daily Free Credit</b>,,30.0,30.0,700.0,10.0,0.0,,"{""creditLessThan"":0.1,""displayDescriptionOnly"":""1"",""ignoreTrxAmount"":1,""changeGameId"":1,""walletId"":1}",FREE,0.0,,DAILY,,,,0.8757891750140593,1
https://betus10.co,BETUS10,218234,<b>Download App Bonus</b>,,20.0,20.0,500.0,10.0,0.0,,"{""displayDescriptionOnly"":""1"",""displayAngpaoText"":""1"",""mobileAppOnly"":""1"",""ignoreTrxAmount"":1,""changeGameId"":1,""walletId"":1}",FREE,0.0,,DAILY,,,,0.7824908919849999,1
https://betus10.co,BETUS10,218243,<b>Referred Free</b>,,6.0,6.0,300.0,50.0,0.0,,"{""customBonus"":""sharebonus"",""creditLessThan"":1,""startDate"":""2023-10-25"",""displayDescriptionOnly"":""1"",""displayAngpaoText"":""1"",""changeGameId"":1,""walletId"":1}",CUSTOM,0.0,,,,,,0.4987444533506406,1
https://fc8au.com,FC8AU,243987,LUCKY DAILY WIN FREE,,500.0,500.0,10000.0,10.0,0.0,,"{""displayDescriptionOnly"":""1"",""creditLessThan"":0.1,""walletId"":1,""changeGameId"":1}",FREE,0.0,,DAILY,,,,1.2595888978752612,1
https://decho34.com,Decho34,795238,"<b style=""colour:white"">APP Free (Convert Deposit)",,10.0,10.0,390.0,21.0,0.0,,"{""creditLessThan"":0.01,""displayDescriptionOnly"":""1"",""mobileAppOnly"":""1"",""walletId"":1,""changeGameId"":1}",FREE,0.0,,DAILY,,,,0.5528608168460024,1
https://decho34.com,Decho34,198019,"<b style=""colour:white"">Daily Free",,6.0,6.0,390.0,25.0,0.0,,"{""creditLessThan"":0.01,""displayDescriptionOnly"":""1"",""mobileAppOnly"":""0"",""walletId"":1,""changeGameId"":1}",FREE,0.0,,DAILY,,,,0.2977272508112705,1
https://aud2u.com,AUD2U,113391,Daily Super Free 365,,1.88,1.88,188.0,20.0,0.0,,"{""creditLessThan"":0.1,""displayDescriptionOnly"":""1"",""walletId"":1,""changeGameId"":1}",FREE,0.0,,DAILY,,,,0.1516589453469784,1
https://i8au.online,I8AU,153333,Daily Login Free,,3.8,3.8,400.0,20.0,0.0,,"{""creditLessThan"":0.1,""displayDescriptionOnly"":""1""}",FREE,0.0,,DAILY,,,,0.1480203582696975,1
https://crown69.co,CROWN69,706616,Season Kickoff,,360.0,360.0,432.0,20.0,0.0,,"{""displayDescriptionOnly"":""1"",""creditLessThan"":0.01,""walletId"":1,""changeGameId"":1,""displayAngpaoText"":""1""}",FREE,0.0,,HOURLY,,,,52.85982559147609,1
https://crown69.co,CROWN69,715976,Matchday Multiplier,,460.0,460.0,552.0,40.0,0.0,,"{""displayDescriptionOnly"":""1"",""creditLessThan"":0.01,""walletId"":1,""changeGameId"":1,""displayAngpaoText"":""1""}",FREE,0.0,,HOURLY,,,,65.38202714313287,1
https://crown69.co,CROWN69,719425,Semi-Final Surge,,580.0,580.0,696.0,80.0,0.0,,"{""displayDescriptionOnly"":""1"",""creditLessThan"":0.01,""walletId"":1,""changeGameId"":1,""displayAngpaoText"":""1""}",FREE,0.0,,HOURLY,,,,78.38406817986434,1
https://crown69.co,CROWN69,763533,Grand Final Glory,,740.0,740.0,888.0,160.0,0.0,,"{""displayDescriptionOnly"":""1"",""creditLessThan"":0.01,""walletId"":1,""changeGameId"":1,""displayAngpaoText"":""1""}",FREE,0.0,,HOURLY,,,,91.87057481826628,1
https://crown69.co,CROWN69,751188,365 Days Free Credit,,10.0,10.0,1500.0,20.88,0.0,,"{""displayDescriptionOnly"":""1"",""creditLessThan"":0.01,""walletId"":1,""changeGameId"":1}",FREE,0.0,,DAILY,,,,0.1024621226497607,1
https://crown69.co,CROWN69,706616,Season Kickoff,,360.0,360.0,432.0,20.0,0.0,,"{""displayDescriptionOnly"":""1"",""creditLessThan"":0.01,""walletId"":1,""changeGameId"":1,""displayAngpaoText"":""1""}",FREE,0.0,,HOURLY,,,,52.85982559147609,1
https://crown69.co,CROWN69,715976,Matchday Multiplier,,460.0,460.0,552.0,40.0,0.0,,"{""displayDescriptionOnly"":""1"",""creditLessThan"":0.01,""walletId"":1,""changeGameId"":1,""displayAngpaoText"":""1""}",FREE,0.0,,HOURLY,,,,65.38202714313287,1
https://crown69.co,CROWN69,719425,Semi-Final Surge,,580.0,580.0,696.0,80.0,0.0,,"{""displayDescriptionOnly"":""1"",""creditLessThan"":0.01,""walletId"":1,""changeGameId"":1,""displayAngpaoText"":""1""}",FREE,0.0,,HOURLY,,,,78.38406817986434,1
https://crown69.co,CROWN69,763533,Grand Final Glory,,740.0,740.0,888.0,160.0,0.0,,"{""displayDescriptionOnly"":""1"",""creditLessThan"":0.01,""walletId"":1,""changeGameId"":1,""displayAngpaoText"":""1""}",FREE,0.0,,HOURLY,,,,91.87057481826628,1
https://crown69.co,CROWN69,751188,365 Days Free Credit,,10.0,10.0,1500.0,20.88,0.0,,"{""displayDescriptionOnly"":""1"",""creditLessThan"":0.01,""walletId"":1,""changeGameId"":1}",FREE,0.0,,DAILY,,,,0.1024621226497607,1
https://pesi13.com,PESI13,826343,<b>FREE 20 SPIN BNG #R</b>,,0.5,0.5,300.0,18.0,0.0,,"{""freeRoundAPI"":{""site"":""WREDGENN2"",""params"":{""game_code"":""3_coins"",""gift"":{""total_bet"":50,""args"":{""type"":""fixed"",""spins"":20}}},""openGame"":{""product"":""1""}},""displayDescriptionOnly"":""1"",""displayAngpaoText"":""1"",""walletId"":1,""changeGameId"":1,""creditLessThan"":0.1}",CUSTOM,0.0,,,,,,0.0148088029647015,1
https://pesi13.com,PESI13,818142,<b>New Member Free PESI<b>,,16.8,16.8,300.0,20.0,0.0,,"{""displayAngpaoText"":""1"",""displayDescriptionOnly"":""1"",""creditLessThan"":0.1,""walletId"":1,""changeGameId"":1,""mobileAppOnly"":""1""}",FREE,0.0,,,,,,1.4957807804057723,1
https://pesi13.com,PESI13,812639,<b>Website Design Upgrade BONUS</b> <b>#C</b>,,168.0,168.0,168.0,50.0,0.0,,"{""displayAngpaoText"":""1"",""displayDescriptionOnly"":""1"",""creditLessThan"":0.1,""walletId"":1,""changeGameId"":1}",FREE,0.0,,,,,,81.99929542429888,1
https://pesi13.com,PESI13,812644,<b>PESI APP FREE BONUS</b>,,30.0,30.0,600.0,30.0,0.0,,"{""creditLessThan"":1,""displayDescriptionOnly"":""1"",""mobileAppOnly"":""1"",""displayAngpaoText"":""1"",""ignoreTrxAmount"":1,""walletId"":1,""changeGameId"":1}",FREE,0.0,,,,,,1.5207279252292714,1
https://pesi13.com,PESI13,838406,<b>PESI13 Join Back Gift</b> #R,,30.0,30.0,300.0,15.0,0.0,,"{""creditLessThan"":0.1,""displayDescriptionOnly"":""1"",""walletId"":1,""changeGameId"":1,""registerDate"":""2022-07-16""}",FREE,0.0,,,,,,2.920288749760507,1
https://pesi13.com,PESI13,812700,<b>DAILY FREE SPIN</b> <b>#C</b>,,333.0,333.0,350.0,20.0,0.0,,"{""registerDate"":""2024-02-21"",""creditLessThan"":1,""displayDescriptionOnly"":""1"",""walletId"":1,""changeGameId"":1}",FREE,0.0,,DAILY,,,,62.10521971245747,1
https://pokies4bet.com,POKIES4BET,0,COMMISSION,COMMISSION,,0.08,,,,,,,,,,,,,5.08959221154666,1
https://diamondaud.com,DIAMONDAUD,122637,<b>Daily Free </b>,,10.0,10.0,600.0,10.0,0.0,,"{""creditLessThan"":0.1,""walletId"":1,""changeGameId"":1,""displayDescriptionOnly"":""1""}",FREE,0.0,,DAILY,,,,0.2503126214987163,1
https://diamondaud.com,DIAMONDAUD,830114,<b>FIFA FREE ⭐,,30.0,30.0,1000.0,10.0,0.0,,"{""displayAngpaoText"":""0"",""displayDescriptionOnly"":""1"",""creditLessThan"":0.1,""mustJoinTelegramChannel"":""diamondaud"",""changeGameId"":1,""walletId"":1}",FREE,0.0,,,,,,0.5607536677966316,1
https://thepokies96.com,ThePokies96,0,VIP Weekly Rebate,REBATE,,0.11,,3000.0,,,,,,,,,,,7.383936723492344,1
https://jaws68.com,JAWS68™ The Ultimate Sports & Pokies in Australia,799601,1X2 SOCCERS,,10.99,10.99,150.0,20.0,0.0,,"{""creditLessThan"":1,""walletId"":1,""changeGameId"":1,""displayDescriptionOnly"":""1"",""displayAngpaoText"":""1""}",FREE,0.0,,WEEKLY,,,,2.035522844239181,1
https://jaws68.com,JAWS68™ The Ultimate Sports & Pokies in Australia,799599,SOCCER MANIAC BONUS,,5.99,5.99,100.0,10.0,0.0,,"{""creditLessThan"":1,""walletId"":1,""changeGameId"":1,""displayDescriptionOnly"":""1"",""displayAngpaoText"":""1""}",FREE,0.0,,WEEKLY,,,,1.1982955349478783,1
https://jaws68.com,JAWS68™ The Ultimate Sports & Pokies in Australia,0,COMMISSION,COMMISSION,,0.25,,1000.0,,,,,,,,,,,17.961238907697417,1
https://gwin9au.com,Gwin9,0,Rollover Rebate,REBATE,,0.12,,999.0,,,,,,,,,,,7.107913914228184,1
https://jw8au.com,JW8AU,465923,<b>Welcome Back JW8</b> <b>#C</b>,,108.0,108.0,180.0,25.0,0.0,,"{""creditLessThan"":0.01,""displayDescriptionOnly"":""1"",""registerDate"":""2023-01-01"",""walletId"":1,""changeGameId"":1,""displayAngpaoText"":""1""}",FREE,0.0,,,,,,34.935858339321705,1
https://jw8au.com,JW8AU,720042,<b>App Bonus</b>,,88.0,88.0,3888.0,38.0,0.0,,"{""creditLessThan"":0.1,""displayDescriptionOnly"":""1"",""registerDate"":""2023-01-01"",""walletId"":1,""changeGameId"":1,""displayAngpaoText"":""1"",""mobileAppOnly"":""1""}",FREE,0.0,,,,,,0.6449116816413177,1
https://jw8au.com,JW8AU,231817,<b>Ultra Daily FREE</b> <b>#R</b>,,888.0,888.0,8888.0,10.0,0.0,,"{""creditLessThan"":0.01,""startDate"":""2024-04-03"",""displayDescriptionOnly"":""1"",""walletId"":1,""changeGameId"":1,""mobileAppOnly"":""1""}",FREE,0.0,,DAILY,,,,3.0892497883969123,1
https://ispeed88au.com,ISPEED88,15444,<b>FREE 365 Days<b>,,88.0,88.0,288.0,15.0,0.0,,"{""creditLessThan"":0.1,""displayDescriptionOnly"":""1"",""mobileAppOnly"":""0"",""displayAngpaoText"":""0"",""walletId"":1,""changeGameId"":1}",FREE,0.0,,DAILY,,,,12.629885195615032,1
https://ispeed88au.com,ISPEED88,23517,<b>JOIN TELEGRAM<b>,,100.0,100.0,888.0,10.0,0.0,,"{""displayAngpaoText"":""0"",""displayDescriptionOnly"":""1"",""mobileAppOnly"":""0"",""creditLessThan"":0.1,""registerDate"":""2023-01-01"",""mustJoinTelegramChannel"":""ispeedchannel88"",""walletId"":1,""changeGameId"":1}",FREE,0.0,,,,,,3.161437519846701,1
https://sapphireaud.com,SAPPHIRE,133076,<b>Bonza Free 365</b>,,3.0,3.0,150.0,10.0,0.0,,"{""creditLessThan"":0.1,""displayDescriptionOnly"":""1"",""displayAngpaoText"":""1""}",FREE,0.0,,DAILY,,,,0.2915211013307543,1
https://sapphireaud.com,SAPPHIRE,829207,<b>VPLUS Daily Free </b>,,2.0,2.0,200.0,0.05,0.0,,"{""displayDescriptionOnly"":""1""}",FREE,0.0,,DAILY,,,,0.0024383114029201,1
https://sapphireaud.com,SAPPHIRE,711479,<b>TLG Daily Free 5</b>,,5.0,5.0,250.0,10.0,0.0,,"{""displayAngpaoText"":""1"",""displayDescriptionOnly"":""1"",""creditLessThan"":0.1,""registerDate"":""2024-01-01"",""mobileAppOnly"":""0"",""mustJoinTelegramChannel"":""SapphireAUFreebieGroupA1""}",FREE,0.0,,DAILY,,,,0.3006845729562095,1
https://sapphireaud.com,SAPPHIRE,468347,<b>Weekly Commission</b>,,0.8,0.8,0.0,1800.0,4.0,,"{""customBonus"":""commissionweek"",""creditLessThan"":0.1,""startDate"":""2025-06-30"",""claimTime"":""A=PM"",""displayDescriptionOnly"":""1"",""displayAngpaoText"":""0""}",CUSTOM,8.0,,WEEKLY,,,,16.74475346798666,1
https://mee88aus.com,MEE88 AUS,80698,HOURLY FREE CREDIT $23,,23.0,23.0,800.0,10.0,0.0,,"{""displayAngpaoText"":""0"",""walletId"":1,""changeGameId"":1,""mobileAppOnly"":""0"",""displayDescriptionOnly"":""1""}",FREE,0.0,,HOURLY,,,,0.522597244380408,1
https://mee88aus.com,MEE88 AUS,0,DAILY ROLLOVER REBATE,REBATE,,0.1,,388.0,,,,,,,,,,,4.878227648207276,1
https://iw99au.com,IW99,143029,<b>FREE 365 DAYS ALL SLOT<b>,,5.0,5.0,100.0,0.05,0.0,,"{""displayDescriptionOnly"":""1"",""displayAngpaoText"":""1"",""walletId"":1,""changeGameId"":1}",FREE,0.0,,DAILY,,,,0.0192326100127747,1
https://iw99au.com,IW99,191418,<b>MOBILE APP PREE CREDIT</b>,,10.0,10.0,150.0,0.05,0.0,,"{""creditLessThan"":0.1,""displayDescriptionOnly"":""1"",""walletId"":1,""changeGameId"":1,""mobileAppOnly"":""1""}",FREE,0.0,,DAILY,,,,0.0288110977305321,1
https://iw99au.com,IW99,215998,<b>JOIN TELEGRAM<b>,,100.0,100.0,888.0,10.0,0.0,,"{""displayAngpaoText"":""0"",""displayDescriptionOnly"":""1"",""mobileAppOnly"":""0"",""creditLessThan"":0.1,""registerDate"":""2023-01-01"",""mustJoinTelegramChannel"":""iW99audchannel"",""walletId"":1,""changeGameId"":1}",FREE,0.0,,,,,,3.161437519846701,1
https://cyberpunk369.com,CYBERPUNK369,26827,<b>AEP ALL SLOT </b>,,5.0,5.0,100.0,0.05,0.0,,"{""displayAngpaoText"":""1"",""displayDescriptionOnly"":""1"",""creditLessThan"":0.1,""registerDate"":""2024-01-01"",""mobileAppOnly"":""0"",""mustJoinTelegramChannel"":""auspokiesentertaintment""}",FREE,0.0,,,,,,0.0192326100127747,1
https://cyberpunk369.com,CYBERPUNK369,23780,<b>Hourly Bonus</b>,,15.0,15.0,200.0,5.0,0.0,,"{""displayDescriptionOnly"":""1"",""displayAngpaoText"":""1"",""walletId"":1,""changeGameId"":1,""creditLessThan"":0.1,""resetHour"":2}",FREE,0.0,,HOURLY,,,,1.2588993529486476,1
https://cyberpunk369.com,CYBERPUNK369,267657,<b> CyberMass Free </b>,,88.0,88.0,600.0,10.0,0.0,,"{""creditLessThan"":0.1,""displayDescriptionOnly"":""1"",""walletId"":1,""changeGameId"":1,""displayAngpaoText"":""1""}",FREE,0.0,,WEEKLY,,,,4.364110201419518,1
https://cyberpunk369.com,CYBERPUNK369,16444,<b>Check-in Bonus SUNDAY</b>,,14.0,14.0,100.0,20.0,0.0,,"{""claimTime"":""N=7"",""displayDescriptionOnly"":""1"",""displayAngpaoText"":""0"",""creditLessThan"":0.1,""walletId"":1,""changeGameId"":1}",FREE,0.0,,WEEKLY,,,,4.646195318703266,1
https://cyberpunk369.com,CYBERPUNK369,266828,<b>Download Apps Free</b>,,20.0,20.0,300.0,10.0,0.0,,"{""creditLessThan"":0.1,""displayDescriptionOnly"":""1"",""walletId"":1,""changeGameId"":1,""mobileAppOnly"":""1""}",FREE,0.0,,DAILY,,,,1.4818021759296418,1
https://play369.co,PLAY369,784768,<b>Daily Free $5,,5.0,5.0,150.0,15.0,0.0,,"{""creditLessThan"":0.1,""displayDescriptionOnly"":""1""}",FREE,0.0,,DAILY,,,,0.6583810534082891,1
https://royalaud.com,ROYAL77,822444,<b>⭐Hourly Reward,,5.0,5.0,100.0,10.0,0.0,,"{""creditLessThan"":0.1,""displayAngpaoText"":""1"",""displayDescriptionOnly"":""1"",""changeGameId"":1,""walletId"":1}",FREE,0.0,,HOURLY,,,,0.9452270845626882,1
https://royalaud.com,ROYAL77,167842,<b>Daily Ultra Free</b>,,30.0,30.0,600.0,10.0,0.0,,"{""creditLessThan"":0.1,""walletId"":1,""changeGameId"":1,""displayDescriptionOnly"":""1""}",FREE,0.0,,DAILY,,,,1.0618986286136922,1
https://royalaud.com,ROYAL77,187441,<b>Android Download Free</b>,,10.0,10.0,600.0,10.0,0.0,,"{""creditLessThan"":0.5,""displayDescriptionOnly"":""1"",""walletId"":1,""changeGameId"":1,""mobileAppOnly"":""1""}",FREE,0.0,,DAILY,,,,0.2503126214987163,1
https://royalaud.com,ROYAL77,741875,<b>Subscribe Bonus</b>,,30.0,30.0,200.0,10.0,0.0,,"{""displayAngpaoText"":""0"",""displayDescriptionOnly"":""1"",""creditLessThan"":0.1,""mustJoinTelegramChannel"":""COMPANYSPEEDAU"",""walletId"":1,""changeGameId"":1}",FREE,0.0,,,,,,4.192611568525111,1
https://speedau.live,SpeedAU,222157,<B>Free 365Days</B>,,4.0,4.0,100.0,0.05,0.0,,"{""creditLessThan"":0.1,""displayDescriptionOnly"":""1"",""walletId"":1,""changeGameId"":1,""displayAngpaoText"":""1""}",FREE,0.0,,DAILY,,,,0.0143518595074907,1
https://speedau.live,SpeedAU,741762,<b>Subscribe Bonus</b>,,30.0,30.0,200.0,30.0,0.0,,"{""displayAngpaoText"":""0"",""displayDescriptionOnly"":""1"",""creditLessThan"":0.1,""mustJoinTelegramChannel"":""companyspeedau"",""walletId"":1,""changeGameId"":1}",FREE,0.0,,,,,,6.004171509496215,1
https://bondi333.com,BONDI333,806527,<b>Daily Free $30</b>,,30.0,30.0,1500.0,10.0,0.0,,"{""creditLessThan"":0.1,""displayDescriptionOnly"":""1"",""walletId"":1,""changeGameId"":1,""displayAngpaoText"":""0""}",FREE,0.0,,DAILY,,,,0.3377987585017371,1
https://bondi333.com,BONDI333,807206,<b>Daily Free </b>,,4.0,4.0,300.0,10.0,0.0,,"{""creditLessThan"":0.1,""displayDescriptionOnly"":""1""}",FREE,0.0,,DAILY,,,,0.1786506242356438,1
https://bondi333.com,BONDI333,166311,<b>Daily Ultra Free </b>,,5.0,5.0,300.0,20.0,0.0,,"{""creditLessThan"":0.1,""displayDescriptionOnly"":""1""}",FREE,0.0,,DAILY,,,,0.3039649838146617,1
https://1spinnwin.com,1SPIN&WIN,27547,<b>Hourly Bonus</b>,,15.0,15.0,200.0,5.0,0.0,,"{""displayDescriptionOnly"":""1"",""displayAngpaoText"":""1"",""walletId"":1,""changeGameId"":1,""creditLessThan"":0.1,""resetHour"":2}",FREE,0.0,,HOURLY,,,,1.2588993529486476,1
https://royale9au.com,Royale9 Jernice,753508,Checkin Sunday,,19.0,19.0,410.0,15.0,0.0,,"{""displayDescriptionOnly"":""1"",""displayAngpaoText"":""0"",""claimTime"":""N=07"",""walletId"":1,""changeGameId"":1}",FREE,0.0,,WEEKLY,,,,1.0838363548106638,1
https://riches88.live,RICHES88,197659,<b>365 Day Free </b>,,10.0,10.0,450.0,10.01,0.0,,"{""creditLessThan"":0.1,""changeGameld"":1,""displayDescriptionOnly"":""1"",""changeGameId"":1,""walletId"":1}",FREE,0.0,,DAILY,,,,0.3587737939829095,1
https://riches88.live,RICHES88,836782,<b>⭐DAILY HOUR FREE,,3.0,3.0,50.0,10.0,0.0,,"{""creditLessThan"":0.1,""walletId"":1,""changeGameId"":1,""displayAngpaoText"":""1"",""displayDescriptionOnly"":""1""}",FREE,0.0,,HOURLY,,,,1.1509900370660882,1
https://riches88.live,RICHES88,712165,<b>TELEGRAM FREE</b>,,100.0,100.0,800.0,10.0,0.0,,"{""mustJoinTelegramChannel"":""riches88au"",""changeGameld"":1,""displayDescriptionOnly"":""1"",""changeGameId"":1,""walletId"":1}",FREE,0.0,,,,,,3.6019553639448203,1
https://crown155au.com,Original Crownzo Online Casino Australia,830523,<b> Rebrand Bonus</b>,,58.0,58.0,870.0,20.0,0.0,,"{""creditLessThan"":1,""displayDescriptionOnly"":""1"",""walletId"":1,""changeGameId"":1,""displayAngpaoText"":""0""}",FREE,0.0,,,,,,2.0148975164535674,1
https://spaceman369.com,SPACEMAN369,701378,<b>Welcome Back▶️</b>,,28.0,28.0,600.0,20.0,0.0,,"{""creditLessThan"":0.5,""displayAngpaoText"":""1"",""displayDescriptionOnly"":""1"",""walletId"":1,""changeGameld"":1}",FREE,0.0,,WEEKLY,,,,1.231334055770084,1
https://spaceman369.com,SPACEMAN369,199141,<b>Download Apps Spaceman369</b>,,20.0,20.0,500.0,5.0,0.0,,"{""creditLessThan"":0.5,""displayDescriptionOnly"":""1"",""walletId"":1,""changeGameId"":1,""mobileAppOnly"":""1""}",FREE,0.0,,DAILY,,,,0.5846942029551774,1
https://spaceman369.com,SPACEMAN369,130912,<B>Lucky Box Bonus</b>,,10.0,10.0,600.0,20.0,0.0,,"{""fixRT"":1,""creditLessThan"":0.1,""walletId"":1,""changeGameld"":1,""displayDescriptionOnly"":""1""}",FREE,0.0,,DAILY,,,,0.3178130426475439,1
https://spaceman369.com,SPACEMAN369,130923,<B>SHARE BONUS</b>,,60.0,60.0,1200.0,30.0,0.0,,"{""customBonus"":""sharebonus"",""creditLessThan"":0.1,""startDate"":""2024-05-05"",""displayDescriptionOnly"":""1"",""displayAngpaoText"":""1"",""walletId"":1,""changeGameId"":1}",CUSTOM,0.0,,,,,,1.589595688650844,1
https://lego66.co,Lego77,150368,<b>Download App Bonus</b>,,20.0,20.0,666.0,10.0,0.0,,"{""creditLessThan"":0.1,""displayDescriptionOnly"":""1"",""displayAngpaoText"":""1"",""mobileAppOnly"":""1"",""ignoreTrxAmount"":1,""changeGameId"":1,""walletId"":1}",FREE,0.0,,DAILY,,,,0.5468258165210306,1
https://lego66.co,Lego77,145181,<b>Only Fan 【Limited】</b>,,10.0,10.0,199.0,10.0,0.0,,"{""maxRoundTargetAll"":1,""displayDescriptionOnly"":""1"",""creditLessThan"":0.1,""changeGameId"":1,""walletId"":1}",FREE,0.0,,DAILY,,,,0.9945015538788536,1
https://ipay9aud.com,iPAY9,817609,iPAY9 APP BONUS,,20.0,20.0,300.0,20.0,0.0,,"{""creditLessThan"":1,""displayDescriptionOnly"":""1"",""mobileAppOnly"":""1"",""displayAngpaoText"":""1"",""ignoreTrxAmount"":1,""walletId"":1,""changeGameId"":1}",FREE,0.0,,MONTHLY,,,,1.881391578715761,1
https://ipay9aud.com,iPAY9,103170,FREE CHIPS,,10.0,10.0,100.0,20.0,0.0,,"{""mobileAppOnly"":""0"",""registerDate"":""2023-01-15"",""creditLessThan"":1,""displayDescriptionOnly"":""1"",""changeGameId"":1,""walletId"":1}",FREE,0.0,,MONTHLY,,,,2.9844257543630697,1
https://king88pokies.com,King88,176794,"<b style=""color:#FFD700"">Special Hourly Free</b>",,2.88,2.88,388.0,20.0,0.0,,"{""creditLessThan"":0.1,""mobileAppOnly"":""1"",""displayAngpaoText"":""1"",""walletId"":1,""changeGameId"":1}",FREE,0.0,,HOURLY,,,,0.1069659863056389,1
https://king88pokies.com,King88,828179,"<b style=""color:#FFD700"">Special Daily Free</b>",,8.88,8.88,588.0,20.0,0.0,,"{""creditLessThan"":0.1,""mobileAppOnly"":""1"",""displayAngpaoText"":""1"",""walletId"":1,""changeGameId"":1}",FREE,0.0,,DAILY,,,,0.2787981212332169,1
https://king88pokies.com,King88,106531,"<b style=""color:#FFD700""> Share & Free</b>",,8.0,8.0,80.0,20.0,0.0,,"{""customBonus"":""sharebonus"",""creditLessThan"":0.1,""startDate"":""2024-02-01"",""mobileAppOnly"":""1"",""maxCount"":3,""displayAngpaoText"":""1"",""walletId"":1,""changeGameId"":1}",CUSTOM,0.0,,,,,,2.941373888267406,1
https://starspin996.com,StarSpin996,830994,<b>Starspin996 Download APP Free</b>,,10.0,10.0,800.0,30.0,0.0,,"{""creditLessThan"":0.1,""displayDescriptionOnly"":""1"",""registerDate"":""2021-04-05"",""displayAngpaoText"":""1"",""mobileAppOnly"":""1""}",FREE,0.0,,,,,,0.2501945175456468,1
https://starspin996.com,StarSpin996,786863,<b>Starspin996 APP BONUS</b>,,30.0,30.0,600.0,30.0,0.0,,"{""creditLessThan"":1,""displayDescriptionOnly"":""1"",""mobileAppOnly"":""1"",""displayAngpaoText"":""1"",""ignoreTrxAmount"":1,""startDate"":""2026-03-09""}",FREE,0.0,,DAILY,30.0,,,1.5207279252292714,1
https://skyspin96.co,SKYSPIN96,19878,SHARE BONUS,,75.0,75.0,37500.0,10.0,0.0,,"{""walletId"":1,""changeGameId"":1,""customBonus"":""sharebonus"",""creditLessThan"":1,""displayDescriptionOnly"":""1""}",CUSTOM,0.0,,,,,,0.0201354821456358,1
https://skyspin96.co,SKYSPIN96,20067,CHECK-IN SUNDAY,,28.0,28.0,600.0,15.0,0.0,,"{""walletId"":1,""changeGameId"":1,""maxWithdrawTimeDeposit"":1,""creditLessThan"":1,""displayDescriptionOnly"":""1"",""claimTime"":""N=7""}",FREE,0.0,,DAILY,,,,1.1213525228248111,1
https://crown69.co,CROWN69,706616,Season Kickoff,,360.0,360.0,432.0,20.0,0.0,,"{""displayDescriptionOnly"":""1"",""creditLessThan"":0.01,""walletId"":1,""changeGameId"":1,""displayAngpaoText"":""1""}",FREE,0.0,,HOURLY,,,,52.85982559147609,1
https://crown69.co,CROWN69,715976,Matchday Multiplier,,460.0,460.0,552.0,40.0,0.0,,"{""displayDescriptionOnly"":""1"",""creditLessThan"":0.01,""walletId"":1,""changeGameId"":1,""displayAngpaoText"":""1""}",FREE,0.0,,HOURLY,,,,65.38202714313287,1
https://crown69.co,CROWN69,719425,Semi-Final Surge,,580.0,580.0,696.0,80.0,0.0,,"{""displayDescriptionOnly"":""1"",""creditLessThan"":0.01,""walletId"":1,""changeGameId"":1,""displayAngpaoText"":""1""}",FREE,0.0,,HOURLY,,,,78.38406817986434,1
https://crown69.co,CROWN69,763533,Grand Final Glory,,740.0,740.0,888.0,160.0,0.0,,"{""displayDescriptionOnly"":""1"",""creditLessThan"":0.01,""walletId"":1,""changeGameId"":1,""displayAngpaoText"":""1""}",FREE,0.0,,HOURLY,,,,91.87057481826628,1
https://crown69.co,CROWN69,751188,365 Days Free Credit,,10.0,10.0,1500.0,20.88,0.0,,"{""displayDescriptionOnly"":""1"",""creditLessThan"":0.01,""walletId"":1,""changeGameId"":1}",FREE,0.0,,DAILY,,,,0.1024621226497607,1
https://race96.com,Race96,0,Daily Rollover Rebate,REBATE,,0.23,,1000.0,,,,,,,,,,,16.16120702986032,1
https://dolphin88.co,Dolphin88,767719,<b>365 Daily App Bonus</b>,,40.88,40.88,1588.0,8.8,0.0,,"{""creditLessThan"":""0.10"",""mobileAppOnly"":""1"",""displayDescriptionOnly"":""1"",""walletId"":1,""changeGameId"":1}",FREE,0.0,,DAILY,,,,0.4496846280395866,1
https://dolphin88.co,Dolphin88,156000,<b>Download App Bonus</b>,,5.0,5.0,300.0,20.0,0.0,,"{""creditLessThan"":""0.10"",""mobileAppOnly"":""1"",""displayDescriptionOnly"":""1"",""walletId"":1,""changeGameId"":1}",FREE,0.0,,,,,,0.3039649838146617,1
https://dolphin88.co,Dolphin88,829749,<B>EXCLUSIVE BONUS</B>,,50.0,50.0,300.0,10.0,0.0,,"{""fixRT"":1,""creditLessThan"":0.1,""displayDescriptionOnly"":""0"",""changeGameId"":1,""walletId"":1,""registerBeforeDate"":""2026-06-15""}",FREE,0.0,,DAILY,,,,4.942092937949541,1
https://dolphin88.co,Dolphin88,145970,<b>Daily Free $38.88 </b>,,38.88,38.88,1088.0,8.8,0.0,,"{""walletId"":1,""changeGameId"":1,""creditLessThan"":0.1,""displayDescriptionOnly"":""1""}",FREE,0.0,,DAILY,,,,0.6753956605166789,1
https://neiro55.com,NEIRO55,179616,<b>Daily Free</b>,,25.0,25.0,500.0,10.0,0.0,,"{""displayDescriptionOnly"":""1"",""creditLessThan"":0.1,""displayAngpaoText"":""1"",""ignoreTrxAmount"":1,""changeGameId"":1,""walletId"":1}",FREE,0.0,,DAILY,,,,1.0494025324877412,1
https://neiro55.com,NEIRO55,179540,<b>For Android Member</b>,,35.0,35.0,700.0,10.0,0.0,,"{""displayDescriptionOnly"":""1"",""displayAngpaoText"":""1"",""mobileAppOnly"":""1"",""ignoreTrxAmount"":1,""changeGameId"":1,""walletId"":1}",FREE,0.0,,DAILY,,,,1.0725220628137515,1
https://crown69.co,CROWN69,706616,Season Kickoff,,360.0,360.0,432.0,20.0,0.0,,"{""displayDescriptionOnly"":""1"",""creditLessThan"":0.01,""walletId"":1,""changeGameId"":1,""displayAngpaoText"":""1""}",FREE,0.0,,HOURLY,,,,52.85982559147609,1
https://crown69.co,CROWN69,715976,Matchday Multiplier,,460.0,460.0,552.0,40.0,0.0,,"{""displayDescriptionOnly"":""1"",""creditLessThan"":0.01,""walletId"":1,""changeGameId"":1,""displayAngpaoText"":""1""}",FREE,0.0,,HOURLY,,,,65.38202714313287,1
https://crown69.co,CROWN69,719425,Semi-Final Surge,,580.0,580.0,696.0,80.0,0.0,,"{""displayDescriptionOnly"":""1"",""creditLessThan"":0.01,""walletId"":1,""changeGameId"":1,""displayAngpaoText"":""1""}",FREE,0.0,,HOURLY,,,,78.38406817986434,1
https://crown69.co,CROWN69,763533,Grand Final Glory,,740.0,740.0,888.0,160.0,0.0,,"{""displayDescriptionOnly"":""1"",""creditLessThan"":0.01,""walletId"":1,""changeGameId"":1,""displayAngpaoText"":""1""}",FREE,0.0,,HOURLY,,,,91.87057481826628,1
https://crown69.co,CROWN69,751188,365 Days Free Credit,,10.0,10.0,1500.0,20.88,0.0,,"{""displayDescriptionOnly"":""1"",""creditLessThan"":0.01,""walletId"":1,""changeGameId"":1}",FREE,0.0,,DAILY,,,,0.1024621226497607,1
https://race96.com,Race96,0,Daily Rollover Rebate,REBATE,,0.23,,1000.0,,,,,,,,,,,16.16120702986032,1
https://mrpokies77.com,MR.POKIES77,802837,<b>Restore Maintenance Bonus</b>,,8.0,8.0,500.0,8.0,0.0,,"{""displayDescriptionOnly"":""1"",""walletId"":1,""changeGameId"":1}",FREE,0.0,,,,,,0.2148104872235273,1
https://mrpokies77.com,MR.POKIES77,180941,<b>FREE 365</b>,,5.0,5.0,100.0,0.05,0.0,,"{""creditLessThan"":0.1,""displayDescriptionOnly"":""1"",""displayAngpaoText"":""1""}",FREE,0.0,,DAILY,,,,0.0192326100127747,1
https://mrpokies77.com,MR.POKIES77,213611,<b>Download Apps Daily</b>,,20.0,20.0,500.0,5.0,0.0,,"{""creditLessThan"":0.1,""displayDescriptionOnly"":""1"",""registerDate"":""2024-06-17"",""walletId"":1,""changeGameld"":1,""mobileAppOnly"":""1"",""displayAngpaoText"":""1""}",FREE,0.0,,DAILY,,,,0.5846942029551774,1
https://mrpokies77.com,MR.POKIES77,835455,<b>▶️REFRESHING FREE</b>,,88.0,88.0,600.0,15.0,0.0,,"{""creditLessThan"":0.1,""displayDescriptionOnly"":""1"",""walletId"":1,""changeGameId"":1,""displayAngpaoText"":""1""}",FREE,0.0,,WEEKLY,,,,5.0460430296218215,1
https://play99au.com,Play99 Aus Online Pokies,176401,<b>IOS & ANDROID APPS BONUS</b>,,18.0,18.0,388.0,18.0,0.0,,"{""creditLessThan"":1,""displayDescriptionOnly"":""1"",""mobileAppOnly"":""1"",""walletId"":1,""changeGameId"":1,""displayAngpaoText"":""0""}",FREE,0.0,,,,,,1.1485013436929892,1
https://ezspin68.vip,Ezspin68,470005,<b>EZ Free Credit</b>,,199.0,199.0,1990.0,10.0,0.0,,"{""creditLessThan"":1,""displayDescriptionOnly"":""1"",""mobileAppOnly"":""1"",""walletId"":1,""changeGameId"":1,""displayAngpaoText"":""0""}",FREE,0.0,,DAILY,,,,2.840657533684931,1
https://ezspin68.vip,Ezspin68,238932,<b>Free Chips</b>,,9.99,9.99,999.0,10.0,0.0,,"{""creditLessThan"":1,""displayDescriptionOnly"":""1"",""mobileAppOnly"":""1"",""walletId"":1,""changeGameId"":1}",FREE,0.0,,DAILY,,,,0.1321732034382585,1
https://neiro55.com,NEIRO55,179616,<b>Daily Free</b>,,25.0,25.0,500.0,10.0,0.0,,"{""displayDescriptionOnly"":""1"",""creditLessThan"":0.1,""displayAngpaoText"":""1"",""ignoreTrxAmount"":1,""changeGameId"":1,""walletId"":1}",FREE,0.0,,DAILY,,,,1.0494025324877412,1
https://neiro55.com,NEIRO55,179540,<b>For Android Member</b>,,35.0,35.0,700.0,10.0,0.0,,"{""displayDescriptionOnly"":""1"",""displayAngpaoText"":""1"",""mobileAppOnly"":""1"",""ignoreTrxAmount"":1,""changeGameId"":1,""walletId"":1}",FREE,0.0,,DAILY,,,,1.0725220628137515,1
https://bigpay77.net,BigPay77,750465,Apps Daily Free,,17.0,17.0,500.0,10.0,0.0,,"{""creditLessThan"":1,""displayDescriptionOnly"":""1"",""mobileAppOnly"":""1"",""displayAngpaoText"":""1"",""fixRT"":1,""walletId"":1,""changeGameId"":1}",FREE,0.0,,DAILY,,,,0.6318727500544004,1
https://u2win.online,U2WIN,9693,<b>365 Daily Free</b>,,5.0,5.0,300.0,20.0,0.0,,"{""fixRT"":1,""creditLessThan"":0.5,""displayDescriptionOnly"":""1"",""walletId"":1,""changeGameId"":1}",FREE,0.0,,DAILY,,,,0.3039649838146617,1
https://glorya77.com,GLORYA77,695301,<b>APP Bonus Free<b>,,18.0,18.0,68.0,20.0,0.0,,"{""walletId"":1,""changeGameId"":1,""creditLessThan"":0.01,""fixRT"":1,""displayDescriptionOnly"":""1""}",FREE,0.0,,,,,,10.472530755252263,1
https://glorya77.com,GLORYA77,162606,Sign In Day 7,,27.0,27.0,39.0,20.0,0.0,,"{""walletId"":1,""changeGameId"":1,""claimTime"":""N=07"",""creditLessThan"":0.01,""fixRT"":1,""displayDescriptionOnly"":""1""}",FREE,0.0,,WEEKLY,,,,35.76563793873621,1
https://jaws68.com,JAWS68™ The Ultimate Sports & Pokies in Australia,799601,1X2 SOCCERS,,10.99,10.99,150.0,20.0,0.0,,"{""creditLessThan"":1,""walletId"":1,""changeGameId"":1,""displayDescriptionOnly"":""1"",""displayAngpaoText"":""1""}",FREE,0.0,,WEEKLY,,,,2.035522844239181,1
https://jaws68.com,JAWS68™ The Ultimate Sports & Pokies in Australia,799599,SOCCER MANIAC BONUS,,5.99,5.99,100.0,10.0,0.0,,"{""creditLessThan"":1,""walletId"":1,""changeGameId"":1,""displayDescriptionOnly"":""1"",""displayAngpaoText"":""1""}",FREE,0.0,,WEEKLY,,,,1.1982955349478783,1
https://jaws68.com,JAWS68™ The Ultimate Sports & Pokies in Australia,0,COMMISSION,COMMISSION,,0.25,,1000.0,,,,,,,,,,,17.961238907697417,1
https://cergas.online,CERGASBET,26510,DAILY FREE CREDIT,,5.0,5.0,100.0,10.0,0.0,,"{""displayDescriptionOnly"":""1"",""displayAngpaoText"":""1"",""creditLessThan"":0.1,""walletId"":1,""changeGameId"":1}",FREE,0.0,,DAILY,,,,0.9452270845626882,1
https://cergas.online,CERGASBET,9239,HOURLY FREE 365,,3.0,3.0,100.0,10.0,0.0,,"{""mobileAppOnly"":""0"",""displayDescriptionOnly"":""1"",""displayAngpaoText"":""1"",""creditLessThan"":0.1,""walletId"":1,""changeGameId"":1}",FREE,0.0,,HOURLY,,,,0.4839316980808067,1
https://cergas.online,CERGASBET,26823,CERGAS APP BONUS,,10.0,10.0,100.0,10.0,0.0,,"{""creditLessThan"":0.1,""startDate"":""2024-10-12"",""displayAngpaoText"":""0"",""mobileAppOnly"":""1"",""walletId"":1,""changeGameId"":1,""displayDescriptionOnly"":""1""}",FREE,0.0,,,,,,2.3505625446321727,1
https://speedau.live,SpeedAU,222157,<B>Free 365Days</B>,,4.0,4.0,100.0,0.05,0.0,,"{""creditLessThan"":0.1,""displayDescriptionOnly"":""1"",""walletId"":1,""changeGameId"":1,""displayAngpaoText"":""1""}",FREE,0.0,,DAILY,,,,0.0143518595074907,1
https://speedau.live,SpeedAU,741762,<b>Subscribe Bonus</b>,,30.0,30.0,200.0,30.0,0.0,,"{""displayAngpaoText"":""0"",""displayDescriptionOnly"":""1"",""creditLessThan"":0.1,""mustJoinTelegramChannel"":""companyspeedau"",""walletId"":1,""changeGameId"":1}",FREE,0.0,,,,,,6.004171509496215,1
https://lego66.co,Lego77,150368,<b>Download App Bonus</b>,,20.0,20.0,666.0,10.0,0.0,,"{""creditLessThan"":0.1,""displayDescriptionOnly"":""1"",""displayAngpaoText"":""1"",""mobileAppOnly"":""1"",""ignoreTrxAmount"":1,""changeGameId"":1,""walletId"":1}",FREE,0.0,,DAILY,,,,0.5468258165210306,1
https://lego66.co,Lego77,145181,<b>Only Fan 【Limited】</b>,,10.0,10.0,199.0,10.0,0.0,,"{""maxRoundTargetAll"":1,""displayDescriptionOnly"":""1"",""creditLessThan"":0.1,""changeGameId"":1,""walletId"":1}",FREE,0.0,,DAILY,,,,0.9945015538788536,1
https://glorya77.com,GLORYA77,695301,<b>APP Bonus Free<b>,,18.0,18.0,68.0,20.0,0.0,,"{""walletId"":1,""changeGameId"":1,""creditLessThan"":0.01,""fixRT"":1,""displayDescriptionOnly"":""1""}",FREE,0.0,,,,,,10.472530755252263,1
https://glorya77.com,GLORYA77,162606,Sign In Day 7,,27.0,27.0,39.0,20.0,0.0,,"{""walletId"":1,""changeGameId"":1,""claimTime"":""N=07"",""creditLessThan"":0.01,""fixRT"":1,""displayDescriptionOnly"":""1""}",FREE,0.0,,WEEKLY,,,,35.76563793873621,1
https://jaws68.com,JAWS68™ The Ultimate Sports & Pokies in Australia,799601,1X2 SOCCERS,,10.99,10.99,150.0,20.0,0.0,,"{""creditLessThan"":1,""walletId"":1,""changeGameId"":1,""displayDescriptionOnly"":""1"",""displayAngpaoText"":""1""}",FREE,0.0,,WEEKLY,,,,2.035522844239181,1
https://jaws68.com,JAWS68™ The Ultimate Sports & Pokies in Australia,799599,SOCCER MANIAC BONUS,,5.99,5.99,100.0,10.0,0.0,,"{""creditLessThan"":1,""walletId"":1,""changeGameId"":1,""displayDescriptionOnly"":""1"",""displayAngpaoText"":""1""}",FREE,0.0,,WEEKLY,,,,1.1982955349478783,1
https://jaws68.com,JAWS68™ The Ultimate Sports & Pokies in Australia,0,COMMISSION,COMMISSION,,0.25,,1000.0,,,,,,,,,,,17.961238907697417,1
https://cergas.online,CERGASBET,26510,DAILY FREE CREDIT,,5.0,5.0,100.0,10.0,0.0,,"{""displayDescriptionOnly"":""1"",""displayAngpaoText"":""1"",""creditLessThan"":0.1,""walletId"":1,""changeGameId"":1}",FREE,0.0,,DAILY,,,,0.9452270845626882,1
https://cergas.online,CERGASBET,9239,HOURLY FREE 365,,3.0,3.0,100.0,10.0,0.0,,"{""mobileAppOnly"":""0"",""displayDescriptionOnly"":""1"",""displayAngpaoText"":""1"",""creditLessThan"":0.1,""walletId"":1,""changeGameId"":1}",FREE,0.0,,HOURLY,,,,0.4839316980808067,1
https://cergas.online,CERGASBET,26823,CERGAS APP BONUS,,10.0,10.0,100.0,10.0,0.0,,"{""creditLessThan"":0.1,""startDate"":""2024-10-12"",""displayAngpaoText"":""0"",""mobileAppOnly"":""1"",""walletId"":1,""changeGameId"":1,""displayDescriptionOnly"":""1""}",FREE,0.0,,,,,,2.3505625446321727,1
https://dolphin88.co,Dolphin88,767719,<b>365 Daily App Bonus</b>,,40.88,40.88,1588.0,8.8,0.0,,"{""creditLessThan"":""0.10"",""mobileAppOnly"":""1"",""displayDescriptionOnly"":""1"",""walletId"":1,""changeGameId"":1}",FREE,0.0,,DAILY,,,,0.4496846280395866,1
https://dolphin88.co,Dolphin88,156000,<b>Download App Bonus</b>,,5.0,5.0,300.0,20.0,0.0,,"{""creditLessThan"":""0.10"",""mobileAppOnly"":""1"",""displayDescriptionOnly"":""1"",""walletId"":1,""changeGameId"":1}",FREE,0.0,,,,,,0.3039649838146617,1
https://dolphin88.co,Dolphin88,829749,<B>EXCLUSIVE BONUS</B>,,50.0,50.0,300.0,10.0,0.0,,"{""fixRT"":1,""creditLessThan"":0.1,""displayDescriptionOnly"":""0"",""changeGameId"":1,""walletId"":1,""registerBeforeDate"":""2026-06-15""}",FREE,0.0,,DAILY,,,,4.942092937949541,1
https://dolphin88.co,Dolphin88,145970,<b>Daily Free $38.88 </b>,,38.88,38.88,1088.0,8.8,0.0,,"{""walletId"":1,""changeGameId"":1,""creditLessThan"":0.1,""displayDescriptionOnly"":""1""}",FREE,0.0,,DAILY,,,,0.6753956605166789,1
https://aud365.co,AUDBET365,776605,<b>App Free $188</b> #C,,188.0,188.0,238.0,100.0,0.0,,"{""creditLessThan"":0.1,""displayDescriptionOnly"":""1"",""registerDate"":""2023-04-05"",""walletId"":1,""changeGameId"":1,""displayAngpaoText"":""1"",""mobileAppOnly"":""1""}",FREE,0.0,,,,,,72.15791076458724,1
https://aud365.co,AUDBET365,230762,<b>Ultra Daily FREE</b> #R,,888.0,888.0,8888.0,10.0,0.0,,"{""creditLessThan"":0.1,""startDate"":""2024-12-21"",""displayDescriptionOnly"":""1"",""walletId"":1,""changeGameId"":1,""mobileAppOnly"":""1""}",FREE,0.0,,DAILY,,,,3.0892497883969123,1
https://ijoker88au.com,IJOKER88,212732,<b>JOIN TELEGRAM<b>,,100.0,100.0,1000.0,10.0,0.0,,"{""displayAngpaoText"":""0"",""displayDescriptionOnly"":""1"",""mobileAppOnly"":""0"",""creditLessThan"":0.1,""registerDate"":""2023-01-01"",""mustJoinTelegramChannel"":""iJokerchannel88"",""changeGameId"":1,""walletId"":1}",FREE,0.0,,,,,,2.725215249163835,1
https://ijoker88au.com,IJOKER88,212136,<b>DAILY FREE CREDIT<b>,,88.0,88.0,288.0,15.0,0.0,,"{""creditLessThan"":0.1,""displayDescriptionOnly"":""1"",""mobileAppOnly"":""0"",""displayAngpaoText"":""0"",""changeGameId"":1,""walletId"":1}",FREE,0.0,,DAILY,,,,12.629885195615032,1
https://ijoker88au.com,IJOKER88,212141,<b>FREE SHARE EVENT<b>,,1.0,1.0,0.0,288.0,0.0,,"{""customBonus"":""sharebonus"",""creditLessThan"":1,""startDate"":""2024-09-10"",""displayDescriptionOnly"":""1"",""mobileAppOnly"":""0"",""changeGameId"":1,""walletId"":1}",CUSTOM,0.0,,,,,,86.67105251051989,1
https://cyberpunk369.com,CYBERPUNK369,26827,<b>AEP ALL SLOT </b>,,5.0,5.0,100.0,0.05,0.0,,"{""displayAngpaoText"":""1"",""displayDescriptionOnly"":""1"",""creditLessThan"":0.1,""registerDate"":""2024-01-01"",""mobileAppOnly"":""0"",""mustJoinTelegramChannel"":""auspokiesentertaintment""}",FREE,0.0,,,,,,0.0192326100127747,1
https://cyberpunk369.com,CYBERPUNK369,23780,<b>Hourly Bonus</b>,,15.0,15.0,200.0,5.0,0.0,,"{""displayDescriptionOnly"":""1"",""displayAngpaoText"":""1"",""walletId"":1,""changeGameId"":1,""creditLessThan"":0.1,""resetHour"":2}",FREE,0.0,,HOURLY,,,,1.2588993529486476,1
https://cyberpunk369.com,CYBERPUNK369,267657,<b> CyberMass Free </b>,,88.0,88.0,600.0,10.0,0.0,,"{""creditLessThan"":0.1,""displayDescriptionOnly"":""1"",""walletId"":1,""changeGameId"":1,""displayAngpaoText"":""1""}",FREE,0.0,,WEEKLY,,,,4.364110201419518,1
https://cyberpunk369.com,CYBERPUNK369,16444,<b>Check-in Bonus SUNDAY</b>,,14.0,14.0,100.0,20.0,0.0,,"{""claimTime"":""N=7"",""displayDescriptionOnly"":""1"",""displayAngpaoText"":""0"",""creditLessThan"":0.1,""walletId"":1,""changeGameId"":1}",FREE,0.0,,WEEKLY,,,,4.646195318703266,1
https://cyberpunk369.com,CYBERPUNK369,266828,<b>Download Apps Free</b>,,20.0,20.0,300.0,10.0,0.0,,"{""creditLessThan"":0.1,""displayDescriptionOnly"":""1"",""walletId"":1,""changeGameId"":1,""mobileAppOnly"":""1""}",FREE,0.0,,DAILY,,,,1.4818021759296418,1
https://reef33.vip,Reef33,806508,<b>Daily Free 30 </b>,,30.0,30.0,1500.0,10.0,0.0,,"{""creditLessThan"":0.1,""displayDescriptionOnly"":""1"",""displayAngpaoText"":""0"",""changeGameId"":1,""walletId"":1}",FREE,0.0,,DAILY,,,,0.3377987585017371,1
https://reef33.vip,Reef33,139799,<b>Daily Free Lucky 365</b>,,5.0,5.0,200.0,10.0,0.0,,"{""creditLessThan"":0.1,""displayDescriptionOnly"":""1"",""displayAngpaoText"":""1"",""changeGameId"":1,""walletId"":1}",FREE,0.0,,DAILY,,,,0.3974190335047421,1
https://reef33.vip,Reef33,811174,<b>Daily Free </b>,,3.0,3.0,150.0,10.0,0.0,,"{""creditLessThan"":0.1,""displayDescriptionOnly"":""1"",""displayAngpaoText"":""1"",""changeGameId"":1,""walletId"":1}",FREE,0.0,,DAILY,,,,0.2915211013307543,1
https://pesi13.com,PESI13,826343,<b>FREE 20 SPIN BNG #R</b>,,0.5,0.5,300.0,18.0,0.0,,"{""freeRoundAPI"":{""site"":""WREDGENN2"",""params"":{""game_code"":""3_coins"",""gift"":{""total_bet"":50,""args"":{""type"":""fixed"",""spins"":20}}},""openGame"":{""product"":""1""}},""displayDescriptionOnly"":""1"",""displayAngpaoText"":""1"",""walletId"":1,""changeGameId"":1,""creditLessThan"":0.1}",CUSTOM,0.0,,,,,,0.0148088029647015,1
https://pesi13.com,PESI13,818142,<b>New Member Free PESI<b>,,16.8,16.8,300.0,20.0,0.0,,"{""displayAngpaoText"":""1"",""displayDescriptionOnly"":""1"",""creditLessThan"":0.1,""walletId"":1,""changeGameId"":1,""mobileAppOnly"":""1""}",FREE,0.0,,,,,,1.4957807804057723,1
https://pesi13.com,PESI13,812639,<b>Website Design Upgrade BONUS</b> <b>#C</b>,,168.0,168.0,168.0,50.0,0.0,,"{""displayAngpaoText"":""1"",""displayDescriptionOnly"":""1"",""creditLessThan"":0.1,""walletId"":1,""changeGameId"":1}",FREE,0.0,,,,,,81.99929542429888,1
https://pesi13.com,PESI13,812644,<b>PESI APP FREE BONUS</b>,,30.0,30.0,600.0,30.0,0.0,,"{""creditLessThan"":1,""displayDescriptionOnly"":""1"",""mobileAppOnly"":""1"",""displayAngpaoText"":""1"",""ignoreTrxAmount"":1,""walletId"":1,""changeGameId"":1}",FREE,0.0,,,,,,1.5207279252292714,1
https://pesi13.com,PESI13,838406,<b>PESI13 Join Back Gift</b> #R,,30.0,30.0,300.0,15.0,0.0,,"{""creditLessThan"":0.1,""displayDescriptionOnly"":""1"",""walletId"":1,""changeGameId"":1,""registerDate"":""2022-07-16""}",FREE,0.0,,,,,,2.920288749760507,1
https://pesi13.com,PESI13,812700,<b>DAILY FREE SPIN</b> <b>#C</b>,,333.0,333.0,350.0,20.0,0.0,,"{""registerDate"":""2024-02-21"",""creditLessThan"":1,""displayDescriptionOnly"":""1"",""walletId"":1,""changeGameId"":1}",FREE,0.0,,DAILY,,,,62.10521971245747,1
https://mee88aus.com,MEE88 AUS,80698,HOURLY FREE CREDIT $23,,23.0,23.0,800.0,10.0,0.0,,"{""displayAngpaoText"":""0"",""walletId"":1,""changeGameId"":1,""mobileAppOnly"":""0"",""displayDescriptionOnly"":""1""}",FREE,0.0,,HOURLY,,,,0.522597244380408,1
https://mee88aus.com,MEE88 AUS,0,DAILY ROLLOVER REBATE,REBATE,,0.1,,388.0,,,,,,,,,,,4.878227648207276,1
https://skygate9au.com,SkyGate9,0,Rollover Rebate,REBATE,,0.11,,500.0,,,,,,,,,,,5.733076203468725,1
https://skygate9au.com,SkyGate9,0,Rollover Rebate,REBATE,,0.11,,500.0,,,,,,,,,,,5.733076203468725,1
https://skygate9au.com,SkyGate9,0,Rollover Rebate,REBATE,,0.14,,500.0,,,,,,,,,,,7.7678836462507475,1
https://me99aud.com,Me99,99833,me99 APP BONUS,,15.0,15.0,500.0,10.0,0.0,,"{""creditLessThan"":1,""displayDescriptionOnly"":""1"",""mobileAppOnly"":""1"",""displayAngpaoText"":""1"",""fixRT"":1,""walletId"":1,""changeGameId"":1}",FREE,0.0,,DAILY,,,,0.5359404081626119,1
https://ezaud.com,EzAud (AUD),738530,FREE CREDIT 365 DAYS,,15.0,15.0,250.0,15.0,0.0,,"{""walletId"":1,""changeGameId"":1,""displayDescriptionOnly"":""1"",""creditLessThan"":1}",FREE,0.0,,DAILY,,,,1.4738702003434807,1
https://ezaud.com,EzAud (AUD),185876,REFER & EARN,,10.0,10.0,200.0,20.0,0.0,,"{""walletId"":1,""changeGameId"":1,""customBonus"":""sharebonus"",""creditLessThan"":0.1,""startDate"":""2024-12-01"",""displayDescriptionOnly"":""1""}",CUSTOM,0.0,,,,,,1.254796459217384,1
https://super996.com,SUPER996,96553,"<b style=""color:#00FFFF;"">SHARE & INVITE</b>",,10.0,10.0,200.0,20.0,0.0,,"{""customBonus"":""sharebonus"",""creditLessThan"":0.1,""startDate"":""2023-03-22"",""displayDescriptionOnly"":""1"",""walletId"":1,""changeGameId"":1,""mobileAppOnly"":""1"",""maxCount"":2}",CUSTOM,0.0,,,,,,1.254796459217384,1
https://pesi13.com,PESI13,826343,<b>FREE 20 SPIN BNG #R</b>,,0.5,0.5,300.0,18.0,0.0,,"{""freeRoundAPI"":{""site"":""WREDGENN2"",""params"":{""game_code"":""3_coins"",""gift"":{""total_bet"":50,""args"":{""type"":""fixed"",""spins"":20}}},""openGame"":{""product"":""1""}},""displayDescriptionOnly"":""1"",""displayAngpaoText"":""1"",""walletId"":1,""changeGameId"":1,""creditLessThan"":0.1}",CUSTOM,0.0,,,,,,0.0148088029647015,1
https://pesi13.com,PESI13,818142,<b>New Member Free PESI<b>,,16.8,16.8,300.0,20.0,0.0,,"{""displayAngpaoText"":""1"",""displayDescriptionOnly"":""1"",""creditLessThan"":0.1,""walletId"":1,""changeGameId"":1,""mobileAppOnly"":""1""}",FREE,0.0,,,,,,1.4957807804057723,1
https://pesi13.com,PESI13,812639,<b>Website Design Upgrade BONUS</b> <b>#C</b>,,168.0,168.0,168.0,50.0,0.0,,"{""displayAngpaoText"":""1"",""displayDescriptionOnly"":""1"",""creditLessThan"":0.1,""walletId"":1,""changeGameId"":1}",FREE,0.0,,,,,,81.99929542429888,1
https://pesi13.com,PESI13,812644,<b>PESI APP FREE BONUS</b>,,30.0,30.0,600.0,30.0,0.0,,"{""creditLessThan"":1,""displayDescriptionOnly"":""1"",""mobileAppOnly"":""1"",""displayAngpaoText"":""1"",""ignoreTrxAmount"":1,""walletId"":1,""changeGameId"":1}",FREE,0.0,,,,,,1.5207279252292714,1
https://pesi13.com,PESI13,838406,<b>PESI13 Join Back Gift</b> #R,,30.0,30.0,300.0,15.0,0.0,,"{""creditLessThan"":0.1,""displayDescriptionOnly"":""1"",""walletId"":1,""changeGameId"":1,""registerDate"":""2022-07-16""}",FREE,0.0,,,,,,2.920288749760507,1
https://pesi13.com,PESI13,812700,<b>DAILY FREE SPIN</b> <b>#C</b>,,333.0,333.0,350.0,20.0,0.0,,"{""registerDate"":""2024-02-21"",""creditLessThan"":1,""displayDescriptionOnly"":""1"",""walletId"":1,""changeGameId"":1}",FREE,0.0,,DAILY,,,,62.10521971245747,1
https://cyberpunk369.com,CYBERPUNK369,26827,<b>AEP ALL SLOT </b>,,5.0,5.0,100.0,0.05,0.0,,"{""displayAngpaoText"":""1"",""displayDescriptionOnly"":""1"",""creditLessThan"":0.1,""registerDate"":""2024-01-01"",""mobileAppOnly"":""0"",""mustJoinTelegramChannel"":""auspokiesentertaintment""}",FREE,0.0,,,,,,0.0192326100127747,1
https://cyberpunk369.com,CYBERPUNK369,23780,<b>Hourly Bonus</b>,,15.0,15.0,200.0,5.0,0.0,,"{""displayDescriptionOnly"":""1"",""displayAngpaoText"":""1"",""walletId"":1,""changeGameId"":1,""creditLessThan"":0.1,""resetHour"":2}",FREE,0.0,,HOURLY,,,,1.2588993529486476,1
https://cyberpunk369.com,CYBERPUNK369,267657,<b> CyberMass Free </b>,,88.0,88.0,600.0,10.0,0.0,,"{""creditLessThan"":0.1,""displayDescriptionOnly"":""1"",""walletId"":1,""changeGameId"":1,""displayAngpaoText"":""1""}",FREE,0.0,,WEEKLY,,,,4.364110201419518,1
https://cyberpunk369.com,CYBERPUNK369,16444,<b>Check-in Bonus SUNDAY</b>,,14.0,14.0,100.0,20.0,0.0,,"{""claimTime"":""N=7"",""displayDescriptionOnly"":""1"",""displayAngpaoText"":""0"",""creditLessThan"":0.1,""walletId"":1,""changeGameId"":1}",FREE,0.0,,WEEKLY,,,,4.646195318703266,1
https://cyberpunk369.com,CYBERPUNK369,266828,<b>Download Apps Free</b>,,20.0,20.0,300.0,10.0,0.0,,"{""creditLessThan"":0.1,""displayDescriptionOnly"":""1"",""walletId"":1,""changeGameId"":1,""mobileAppOnly"":""1""}",FREE,0.0,,DAILY,,,,1.4818021759296418,1
https://reef33.vip,Reef33,806508,<b>Daily Free 30 </b>,,30.0,30.0,1500.0,10.0,0.0,,"{""creditLessThan"":0.1,""displayDescriptionOnly"":""1"",""displayAngpaoText"":""0"",""changeGameId"":1,""walletId"":1}",FREE,0.0,,DAILY,,,,0.3377987585017371,1
https://reef33.vip,Reef33,139799,<b>Daily Free Lucky 365</b>,,5.0,5.0,200.0,10.0,0.0,,"{""creditLessThan"":0.1,""displayDescriptionOnly"":""1"",""displayAngpaoText"":""1"",""changeGameId"":1,""walletId"":1}",FREE,0.0,,DAILY,,,,0.3974190335047421,1
https://reef33.vip,Reef33,811174,<b>Daily Free </b>,,3.0,3.0,150.0,10.0,0.0,,"{""creditLessThan"":0.1,""displayDescriptionOnly"":""1"",""displayAngpaoText"":""1"",""changeGameId"":1,""walletId"":1}",FREE,0.0,,DAILY,,,,0.2915211013307543,1
https://super996.com,SUPER996,96553,"<b style=""color:#00FFFF;"">SHARE & INVITE</b>",,10.0,10.0,200.0,20.0,0.0,,"{""customBonus"":""sharebonus"",""creditLessThan"":0.1,""startDate"":""2023-03-22"",""displayDescriptionOnly"":""1"",""walletId"":1,""changeGameId"":1,""mobileAppOnly"":""1"",""maxCount"":2}",CUSTOM,0.0,,,,,,1.254796459217384,1
https://lion88.website,LION88,157853,<b>Daily Free</b>,,5.0,5.0,588.0,21.0,0.0,,"{""walletId"":1,""changeGameId"":1,""displayDescriptionOnly"":""1"",""creditLessThan"":0.1}",FREE,0.0,,DAILY,,,,0.133072788703334,1
https://lion88.website,LION88,157854,<b>Download App Bonus</b>,,5.0,5.0,300.0,20.0,0.0,,"{""walletId"":1,""changeGameId"":1,""displayDescriptionOnly"":""1"",""displayAngpaoText"":""1"",""mobileAppOnly"":""1""}",FREE,0.0,,,,,,0.3039649838146617,1
https://weplay88.com,WePlay88,719645,"<b style=""color:gold;"">⭐Ultimate Rewards Event</b>",,888.0,888.0,4440.0,30.0,0.0,,"{""creditLessThan"":0.1,""startDate"":""2025-10-29"",""displayDescriptionOnly"":""1"",""displayAngpaoText"":""0"",""changeGameId"":1,""walletId"":1}",FREE,0.0,,MONTHLY,,,,10.53410957239426,1
https://weplay88.com,WePlay88,737287,"<b style=""color:yellow;"">Offical Partner Free!</b>",,5.0,5.0,500.0,20.0,0.0,,"{""creditLessThan"":1,""displayDescriptionOnly"":""1"",""displayAngpaoText"":""0""}",FREE,0.0,,DAILY,,,,0.1605138898976985,1
https://weplay88.com,WePlay88,164897,<b> FREE 365 DAY </b>,,4.0,4.0,100.0,0.05,0.0,,"{""displayDescriptionOnly"":""1"",""changeGameId"":1,""walletId"":1}",FREE,0.0,,DAILY,,,,0.0143518595074907,1
https://audgaming8.com,AUDGAMING,166795,<b>Daily Free Credit</b>,,10.0,10.0,600.0,10.0,0.0,,"{""creditLessThan"":0.1,""walletId"":1,""changeGameId"":1,""displayDescriptionOnly"":""1""}",FREE,0.0,,DAILY,,,,0.2503126214987163,1
https://audgaming8.com,AUDGAMING,74639,<b>Sharing Bonus</b>,,10.0,10.0,300.0,50.0,0.0,,"{""customBonus"":""sharebonus"",""creditLessThan"":1,""startDate"":""2023-07-31"",""displayDescriptionOnly"":""1"",""displayAngpaoText"":""1"",""walletId"":1,""changeGameId"":1}",CUSTOM,0.0,,,,,,0.9761898354482816,1
https://audgaming8.com,AUDGAMING,773779,<b>Subscribe Bonus II</b>,,30.0,30.0,600.0,30.0,0.0,,"{""displayAngpaoText"":""0"",""displayDescriptionOnly"":""1"",""creditLessThan"":0.1,""mustJoinTelegramChannel"":""igaxspeedau33"",""walletId"":1,""changeGameId"":1}",FREE,0.0,,,,,,1.5207279252292714,1
https://gembetaus.com,GEM9BET,163051,Daily Login Free,,1.99,1.99,199.0,20.0,0.0,,"{""creditLessThan"":0.01,""mobileAppOnly"":""0"",""displayAngpaoText"":""1"",""displayDescriptionOnly"":""1"",""startDate"":""2024-05-03"",""walletId"":1,""changeGameId"":1}",FREE,0.0,,DAILY,,,,0.1521111587690528,1
https://gwin9au.com,Gwin9,0,Rollover Rebate,REBATE,,0.12,,999.0,,,,,,,,,,,7.107913914228184,1
https://mee88aus.com,MEE88 AUS,80698,HOURLY FREE CREDIT $23,,23.0,23.0,800.0,10.0,0.0,,"{""displayAngpaoText"":""0"",""walletId"":1,""changeGameId"":1,""mobileAppOnly"":""0"",""displayDescriptionOnly"":""1""}",FREE,0.0,,HOURLY,,,,0.522597244380408,1
https://mee88aus.com,MEE88 AUS,0,DAILY ROLLOVER REBATE,REBATE,,0.1,,388.0,,,,,,,,,,,4.878227648207276,1
https://skygate9au.com,SkyGate9,0,Rollover Rebate,REBATE,,0.11,,500.0,,,,,,,,,,,5.733076203468725,1
https://skygate9au.com,SkyGate9,0,Rollover Rebate,REBATE,,0.11,,500.0,,,,,,,,,,,5.733076203468725,1
https://skygate9au.com,SkyGate9,0,Rollover Rebate,REBATE,,0.14,,500.0,,,,,,,,,,,7.7678836462507475,1
https://me99aud.com,Me99,99833,me99 APP BONUS,,15.0,15.0,500.0,10.0,0.0,,"{""creditLessThan"":1,""displayDescriptionOnly"":""1"",""mobileAppOnly"":""1"",""displayAngpaoText"":""1"",""fixRT"":1,""walletId"":1,""changeGameId"":1}",FREE,0.0,,DAILY,,,,0.5359404081626119,1
https://ezaud.com,EzAud (AUD),738530,FREE CREDIT 365 DAYS,,15.0,15.0,250.0,15.0,0.0,,"{""walletId"":1,""changeGameId"":1,""displayDescriptionOnly"":""1"",""creditLessThan"":1}",FREE,0.0,,DAILY,,,,1.4738702003434807,1
https://ezaud.com,EzAud (AUD),185876,REFER & EARN,,10.0,10.0,200.0,20.0,0.0,,"{""walletId"":1,""changeGameId"":1,""customBonus"":""sharebonus"",""creditLessThan"":0.1,""startDate"":""2024-12-01"",""displayDescriptionOnly"":""1""}",CUSTOM,0.0,,,,,,1.254796459217384,1
https://gembetaus.com,GEM9BET,163051,Daily Login Free,,1.99,1.99,199.0,20.0,0.0,,"{""creditLessThan"":0.01,""mobileAppOnly"":""0"",""displayAngpaoText"":""1"",""displayDescriptionOnly"":""1"",""startDate"":""2024-05-03"",""walletId"":1,""changeGameId"":1}",FREE,0.0,,DAILY,,,,0.1521111587690528,1
https://redspin88.com,RedSpin,261145,<b>New Register Free Spin 88 !!<b>,,0.1,0.1,300.0,30.0,0.0,,"{""freeRoundAPI"":{""site"":""BNG2"",""params"":{""campaign"":""BNG free spin"",""total_rounds"":88,""game_id"":""496"",""bonus_type"":""FIXED_FREEBET"",""total_bet"":0.2,""round_bet"":0.2}},""displayDescriptionOnly"":""1"",""creditLessThan"":""0.01"",""displayAngpaoText"":""0"",""startDate"":""2026-03-23"",""walletId"":1,""changeGameId"":1}",FREE,0.0,,,,,,0.0022498427552897,1
https://redspin88.com,RedSpin,261147,<b>Hours Free Spin<b>,,0.1,0.1,50.0,30.0,0.0,,"{""freeRoundAPI"":{""site"":""BNG2"",""params"":{""campaign"":""BNG free spin"",""total_rounds"":5,""game_id"":""496"",""bonus_type"":""FIXED_FREEBET"",""total_bet"":0.2,""round_bet"":0.2}},""displayDescriptionOnly"":""1"",""creditLessThan"":""0.01"",""displayAngpaoText"":""0"",""walletId"":1,""changeGameId"":1}",FREE,0.0,,HOURLY,,,,0.0211271652233614,1
https://redspin88.com,RedSpin,261148,<b>App Daily Free Spin<b>,,0.1,0.1,100.0,30.0,0.0,,"{""freeRoundAPI"":{""site"":""BNG2"",""params"":{""campaign"":""BNG free spin"",""total_rounds"":20,""game_id"":""496"",""bonus_type"":""FIXED_FREEBET"",""total_bet"":0.2,""round_bet"":0.2}},""displayDescriptionOnly"":""1"",""creditLessThan"":""0.01"",""displayAngpaoText"":""0"",""walletId"":1,""changeGameId"":1,""mobileAppOnly"":""1""}",FREE,0.0,,DAILY,,,,0.0088828787503987,1
https://redspin88.com,RedSpin,10474,[App] Daily Free,,5.0,5.0,100.0,30.0,0.0,,"{""mobileAppOnly"":""1"",""creditLessThan"":""0.01"",""displayDescriptionOnly"":""1"",""changeGameId"":1,""walletId"":1}",FREE,0.0,,DAILY,,,,1.353644485871592,1
https://redspin88.com,RedSpin,9866,Daily Free Credit,,3.0,3.0,50.0,30.0,0.0,,"{""displayAngpaoText"":""1"",""displayDescriptionOnly"":""1"",""creditLessThan"":0.1,""changeGameId"":1,""walletId"":1}",FREE,0.0,,DAILY,,,,1.648314296546503,1
https://redspin88.com,RedSpin,261152,<b>DOWNLOAD APP GIFT FREESPIN<b>,,0.1,0.1,100.0,10.0,0.0,,"{""freeRoundAPI"":{""site"":""BNG2"",""params"":{""campaign"":""BNG free spin"",""total_rounds"":30,""game_id"":""496"",""bonus_type"":""FIXED_FREEBET"",""total_bet"":0.2,""round_bet"":0.2}},""displayDescriptionOnly"":""1"",""creditLessThan"":""0.01"",""displayAngpaoText"":""0"",""startDate"":""2026-03-23"",""walletId"":1,""changeGameId"":1,""mobileAppOnly"":""1""}",FREE,0.0,,,,,,0.0062027642201467,1
https://speed9.co,SPEED 9,18139,SPEED 9 APP BONUS,,3.0,3.0,100.0,20.0,0.0,,"{""creditLessThan"":1,""displayDescriptionOnly"":""1"",""mobileAppOnly"":""1"",""displayAngpaoText"":""1"",""ignoreTrxAmount"":1,""walletId"":1,""changeGameId"":1,""offUsernames"":[""1A297A70"",""10171192"",""22602165"",""10767105"",""25282079""]}",FREE,0.0,,DAILY,,,,0.6144308843868765,1
https://wildspin24.com,Wildspin24,836892,All Member Free,,88.0,88.0,888.0,20.0,0.0,,"{""creditLessThan"":0.1,""displayDescriptionOnly"":""1"",""changeGameId"":1,""walletId"":1}",FREE,0.0,,,,,,3.3943571169483695,1
https://wildspin24.com,Wildspin24,182099,Daily Free Credit,,10.0,10.0,150.0,15.0,0.0,,"{""creditLessThan"":0.1,""displayDescriptionOnly"":""1"",""changeGameId"":1,""walletId"":1}",FREE,0.0,,DAILY,,,,1.637242382821673,1
https://wildspin24.com,Wildspin24,836890,Hourly Free Credit,,5.0,5.0,50.0,10.0,0.0,,"{""creditLessThan"":0.1,""displayDescriptionOnly"":""1"",""changeGameId"":1,""walletId"":1}",FREE,0.0,,HOURLY,,,,2.248141548510455,1
https://weplay88.com,WePlay88,719645,"<b style=""color:gold;"">⭐Ultimate Rewards Event</b>",,888.0,888.0,4440.0,30.0,0.0,,"{""creditLessThan"":0.1,""startDate"":""2025-10-29"",""displayDescriptionOnly"":""1"",""displayAngpaoText"":""0"",""changeGameId"":1,""walletId"":1}",FREE,0.0,,MONTHLY,,,,10.53410957239426,1
https://weplay88.com,WePlay88,737287,"<b style=""color:yellow;"">Offical Partner Free!</b>",,5.0,5.0,500.0,20.0,0.0,,"{""creditLessThan"":1,""displayDescriptionOnly"":""1"",""displayAngpaoText"":""0""}",FREE,0.0,,DAILY,,,,0.1605138898976985,1
https://weplay88.com,WePlay88,164897,<b> FREE 365 DAY </b>,,4.0,4.0,100.0,0.05,0.0,,"{""displayDescriptionOnly"":""1"",""changeGameId"":1,""walletId"":1}",FREE,0.0,,DAILY,,,,0.0143518595074907,1
https://bondi333.com,BONDI333,806527,<b>Daily Free $30</b>,,30.0,30.0,1500.0,10.0,0.0,,"{""creditLessThan"":0.1,""displayDescriptionOnly"":""1"",""walletId"":1,""changeGameId"":1,""displayAngpaoText"":""0""}",FREE,0.0,,DAILY,,,,0.3377987585017371,1
https://bondi333.com,BONDI333,807206,<b>Daily Free </b>,,4.0,4.0,300.0,10.0,0.0,,"{""creditLessThan"":0.1,""displayDescriptionOnly"":""1""}",FREE,0.0,,DAILY,,,,0.1786506242356438,1
https://bondi333.com,BONDI333,166311,<b>Daily Ultra Free </b>,,5.0,5.0,300.0,20.0,0.0,,"{""creditLessThan"":0.1,""displayDescriptionOnly"":""1""}",FREE,0.0,,DAILY,,,,0.3039649838146617,1
https://audgaming8.com,AUDGAMING,166795,<b>Daily Free Credit</b>,,10.0,10.0,600.0,10.0,0.0,,"{""creditLessThan"":0.1,""walletId"":1,""changeGameId"":1,""displayDescriptionOnly"":""1""}",FREE,0.0,,DAILY,,,,0.2503126214987163,1
https://audgaming8.com,AUDGAMING,74639,<b>Sharing Bonus</b>,,10.0,10.0,300.0,50.0,0.0,,"{""customBonus"":""sharebonus"",""creditLessThan"":1,""startDate"":""2023-07-31"",""displayDescriptionOnly"":""1"",""displayAngpaoText"":""1"",""walletId"":1,""changeGameId"":1}",CUSTOM,0.0,,,,,,0.9761898354482816,1
https://audgaming8.com,AUDGAMING,773779,<b>Subscribe Bonus II</b>,,30.0,30.0,600.0,30.0,0.0,,"{""displayAngpaoText"":""0"",""displayDescriptionOnly"":""1"",""creditLessThan"":0.1,""mustJoinTelegramChannel"":""igaxspeedau33"",""walletId"":1,""changeGameId"":1}",FREE,0.0,,,,,,1.5207279252292714,1
https://auwin7.com,AUWIN7,241488,App Download Free AUD3,,3.0,3.0,100.0,17.0,0.0,,"{""creditLessThan"":0.1,""displayDescriptionOnly"":""0"",""displayAngpaoText"":""0"",""mobileAppOnly"":""1"",""walletId"":1,""changeGameId"":1}",FREE,0.0,,,,,,0.5833209351345645,1
https://auwin7.com,AUWIN7,64301,Daily Check In Bonus,,16.88,16.88,377.0,17.0,0.0,,"{""creditLessThan"":0.1,""mobileAppOnly"":""0"",""displayAngpaoText"":""0"",""displayDescriptionOnly"":""1"",""walletId"":1,""changeGameId"":1}",FREE,0.0,,DAILY,,,,1.0739686464676557,1
https://eebet9.com,EEBET9,79616,"<b style=""color:#b3e9ff;"">SHARE & INVITE</b>",,5.0,5.0,100.0,20.0,0.0,,"{""customBonus"":""sharebonus"",""creditLessThan"":0.1,""startDate"":""2023-03-22"",""displayDescriptionOnly"":""1"",""maxCount"":1,""mobileAppOnly"":""1"",""walletId"":1,""changeGameId"":1}",CUSTOM,0.0,,,,,,1.200121248138004,1
https://pokies7bet.com,Pokies7bet,139882,<b>365ᴅᴀʏꜱ ꜰʀᴇᴇ ᴄʀᴇᴅɪᴛ</b>,,6.88,6.88,280.0,27.0,0.0,,"{""creditLessThan"":1,""displayAngpaoText"":""1"",""displayDescriptionOnly"":""1"",""walletId"":1,""changeGameId"":1}",FREE,0.0,,DAILY,,,,0.5515316312204653,1
https://mkaus.co,MK Gaming,1751,Free Chips Everyday,,1.0,1.0,127.0,27.0,0.0,,"{""creditLessThan"":0.5,""mobileAppOnly"":""0"",""displayDescriptionOnly"":""1"",""walletId"":1,""changeGameId"":1}",FREE,0.0,,DAILY,,,,0.1195478563265788,1
https://spincrown33.com,SpinCrown33,731984,<b>Daily Free $3</b>,,3.0,3.0,150.0,10.0,0.0,,"{""displayDescriptionOnly"":""1"",""displayAngpaoText"":""1"",""creditLessThan"":0.1}",FREE,0.0,,DAILY,,,,0.2915211013307543,1
https://spincrown33.com,SpinCrown33,790955,<b>Daily Free $4</b>,,4.0,4.0,200.0,10.0,0.0,,"{""displayDescriptionOnly"":""1"",""displayAngpaoText"":""1"",""creditLessThan"":0.1}",FREE,0.0,,DAILY,,,,0.2965641236771447,1
https://spincrown33.com,SpinCrown33,731985,<b>Daily Free Telegram</b>,,5.0,5.0,250.0,10.0,0.0,,"{""displayAngpaoText"":""1"",""displayDescriptionOnly"":""1"",""creditLessThan"":0.1,""registerDate"":""2024-01-01"",""mobileAppOnly"":""0"",""mustJoinTelegramChannel"":""AllPokiesHub4""}",FREE,0.0,,DAILY,,,,0.3006845729562095,1
https://in8.one,IN8,463893,New Register Free,,198.0,198.0,2000.0,20.0,0.0,,"{""displayDescriptionOnly"":""1"",""creditLessThan"":0.01,""walletId"":1,""changeGameId"":1}",FREE,0.0,,,,,,3.560592957296053,1
https://in8.one,IN8,796828,FACEBOOK LIMITED BONUS,,8.0,8.0,80.0,10.0,0.0,,"{""displayDescriptionOnly"":""1"",""creditLessThan"":0.01,""walletId"":1,""changeGameId"":1}",FREE,0.0,,DAILY,,,,2.316654479144853,1
https://in8.one,IN8,795594,TELEGRAM LIMITED BONUS,,10.0,10.0,288.0,20.0,0.0,,"{""displayDescriptionOnly"":""1"",""creditLessThan"":0.01,""walletId"":1,""changeGameId"":1}",FREE,0.0,,DAILY,,,,0.7954633400358477,1
https://mkaus.co,MK Gaming,1751,Free Chips Everyday,,1.0,1.0,127.0,27.0,0.0,,"{""creditLessThan"":0.5,""mobileAppOnly"":""0"",""displayDescriptionOnly"":""1"",""walletId"":1,""changeGameId"":1}",FREE,0.0,,DAILY,,,,0.1195478563265788,1
https://unitedau.com,UnitedAu,186216,<b>Download App Bonus</b>,,20.0,20.0,500.0,5.0,0.0,,"{""creditLessThan"":0.5,""displayDescriptionOnly"":""1"",""walletId"":1,""changeGameId"":1,""mobileAppOnly"":""1""}",FREE,0.0,,DAILY,,,,0.5846942029551774,1
https://unitedau.com,UnitedAu,170972,<B>FREE 365</b>,,5.0,5.0,100.0,0.05,0.0,,"{""creditLessThan"":0.1,""displayDescriptionOnly"":""1"",""displayAngpaoText"":""1""}",FREE,0.0,,DAILY,,,,0.0192326100127747,1
https://unitedau.com,UnitedAu,785322,<b>✅ DAILY HOURLY FREE,,3.0,3.0,50.0,10.0,0.0,,"{""creditLessThan"":0.1,""displayDescriptionOnly"":""1"",""walletId"":1,""changeGameId"":1,""displayAngpaoText"":""1""}",FREE,0.0,,HOURLY,,,,1.1509900370660882,1
https://unitedau.com,UnitedAu,835465,<b>REFRESHING FREE</b>,,88.0,88.0,600.0,15.0,0.0,,"{""creditLessThan"":0.1,""displayDescriptionOnly"":""1"",""walletId"":1,""changeGameId"":1,""displayAngpaoText"":""1""}",FREE,0.0,,WEEKLY,,,,5.0460430296218215,1
https://unitedau.com,UnitedAu,127107,<b>SHARE BONUS</b>,,30.0,30.0,600.0,30.0,0.0,,"{""customBonus"":""sharebonus"",""creditLessThan"":0.1,""startDate"":""2024-05-05"",""displayDescriptionOnly"":""1"",""displayAngpaoText"":""1"",""walletId"":1,""changeGameId"":1}",CUSTOM,0.0,,,,,,1.5207279252292714,1
https://1spinnwin.com,1SPIN&WIN,27547,<b>Hourly Bonus</b>,,15.0,15.0,200.0,5.0,0.0,,"{""displayDescriptionOnly"":""1"",""displayAngpaoText"":""1"",""walletId"":1,""changeGameId"":1,""creditLessThan"":0.1,""resetHour"":2}",FREE,0.0,,HOURLY,,,,1.2588993529486476,1
https://ipay9aud.com,iPAY9,817609,iPAY9 APP BONUS,,20.0,20.0,300.0,20.0,0.0,,"{""creditLessThan"":1,""displayDescriptionOnly"":""1"",""mobileAppOnly"":""1"",""displayAngpaoText"":""1"",""ignoreTrxAmount"":1,""walletId"":1,""changeGameId"":1}",FREE,0.0,,MONTHLY,,,,1.881391578715761,1
https://ipay9aud.com,iPAY9,103170,FREE CHIPS,,10.0,10.0,100.0,20.0,0.0,,"{""mobileAppOnly"":""0"",""registerDate"":""2023-01-15"",""creditLessThan"":1,""displayDescriptionOnly"":""1"",""changeGameId"":1,""walletId"":1}",FREE,0.0,,MONTHLY,,,,2.9844257543630697,1
https://penguin88.club,PENGUIN88,129048,<b>Daily Free 365Days</b>,,10.0,10.0,555.0,23.0,0.0,,"{""walletId"":1,""changeGameId"":1,""creditLessThan"":0.1,""displayDescriptionOnly"":""1"",""registerDate"":""2023-10-01""}",FREE,0.0,,DAILY,,,,0.3657098183778751,1
https://penguin88.club,PENGUIN88,129046,<b>SHARE BONUS</b>,,1.0,1.0,15.0,20.0,0.0,,"{""customBonus"":""sharebonus"",""creditLessThan"":1,""startDate"":""2024-02-01"",""walletId"":1,""changeGameId"":1}",CUSTOM,0.0,,,,,,1.577501938388805,1
https://penguin88.club,PENGUIN88,140065,<b>Download APP</b>,,8.0,8.0,300.0,20.0,0.0,,"{""walletId"":1,""changeGameId"":1,""creditLessThan"":""0.10"",""mobileAppOnly"":""1"",""displayDescriptionOnly"":""1"",""displayAngpaoText"":""1""}",FREE,0.0,,,,,,0.563652124200173,1
https://sp77aud.co,SP77AUD,773328,<b>Social Free IIII⭐,,30.0,30.0,2000.0,30.0,0.0,,"{""displayAngpaoText"":""0"",""displayDescriptionOnly"":""1"",""creditLessThan"":0.1,""mustJoinTelegramChannel"":""igaxspeedau33"",""walletId"":1,""changeGameId"":1}",FREE,0.0,,,,,,0.337639376332024,1
https://sp77aud.co,SP77AUD,837877,<b>LOYALTY TREAT</b>,,5.0,5.0,200.0,19.0,0.0,,"{""userTag"":{""bonusFixed"":{""VVIP"":{""NORMAL"":5,""BRONZE"":10,""SILVER"":10,""GOLD"":20,""PLATINUM"":20,""Diamond"":25,""ELITE"":30,""MASTER"":50,""ROYAL"":88}},""onlyFor"":""VVIP""},""displayDescriptionOnly"":""1"",""displayAngpaoText"":""1"",""creditLessThan"":0.1}",FREE,0.0,,,,,,0.496502511306673,1
https://sp77aud.co,SP77AUD,154184,<B>DAILY FREE CHIPS,,10.0,10.0,600.0,10.0,0.0,,"{""creditLessThan"":0.1,""walletId"":1,""changeGameId"":1,""displayDescriptionOnly"":""1""}",FREE,0.0,,DAILY,,,,0.2503126214987163,1
https://spincrown33.com,SpinCrown33,731984,<b>Daily Free $3</b>,,3.0,3.0,150.0,10.0,0.0,,"{""displayDescriptionOnly"":""1"",""displayAngpaoText"":""1"",""creditLessThan"":0.1}",FREE,0.0,,DAILY,,,,0.2915211013307543,1
https://spincrown33.com,SpinCrown33,790955,<b>Daily Free $4</b>,,4.0,4.0,200.0,10.0,0.0,,"{""displayDescriptionOnly"":""1"",""displayAngpaoText"":""1"",""creditLessThan"":0.1}",FREE,0.0,,DAILY,,,,0.2965641236771447,1
https://spincrown33.com,SpinCrown33,731985,<b>Daily Free Telegram</b>,,5.0,5.0,250.0,10.0,0.0,,"{""displayAngpaoText"":""1"",""displayDescriptionOnly"":""1"",""creditLessThan"":0.1,""registerDate"":""2024-01-01"",""mobileAppOnly"":""0"",""mustJoinTelegramChannel"":""AllPokiesHub4""}",FREE,0.0,,DAILY,,,,0.3006845729562095,1
https://in8.one,IN8,463893,New Register Free,,198.0,198.0,2000.0,20.0,0.0,,"{""displayDescriptionOnly"":""1"",""creditLessThan"":0.01,""walletId"":1,""changeGameId"":1}",FREE,0.0,,,,,,3.560592957296053,1
https://in8.one,IN8,796828,FACEBOOK LIMITED BONUS,,8.0,8.0,80.0,10.0,0.0,,"{""displayDescriptionOnly"":""1"",""creditLessThan"":0.01,""walletId"":1,""changeGameId"":1}",FREE,0.0,,DAILY,,,,2.316654479144853,1
https://in8.one,IN8,795594,TELEGRAM LIMITED BONUS,,10.0,10.0,288.0,20.0,0.0,,"{""displayDescriptionOnly"":""1"",""creditLessThan"":0.01,""walletId"":1,""changeGameId"":1}",FREE,0.0,,DAILY,,,,0.7954633400358477,1
https://sp77aud.co,SP77AUD,773328,<b>Social Free IIII⭐,,30.0,30.0,2000.0,30.0,0.0,,"{""displayAngpaoText"":""0"",""displayDescriptionOnly"":""1"",""creditLessThan"":0.1,""mustJoinTelegramChannel"":""igaxspeedau33"",""walletId"":1,""changeGameId"":1}",FREE,0.0,,,,,,0.337639376332024,1
https://sp77aud.co,SP77AUD,837877,<b>LOYALTY TREAT</b>,,5.0,5.0,200.0,19.0,0.0,,"{""userTag"":{""bonusFixed"":{""VVIP"":{""NORMAL"":5,""BRONZE"":10,""SILVER"":10,""GOLD"":20,""PLATINUM"":20,""Diamond"":25,""ELITE"":30,""MASTER"":50,""ROYAL"":88}},""onlyFor"":""VVIP""},""displayDescriptionOnly"":""1"",""displayAngpaoText"":""1"",""creditLessThan"":0.1}",FREE,0.0,,,,,,0.496502511306673,1
https://sp77aud.co,SP77AUD,154184,<B>DAILY FREE CHIPS,,10.0,10.0,600.0,10.0,0.0,,"{""creditLessThan"":0.1,""walletId"":1,""changeGameId"":1,""displayDescriptionOnly"":""1""}",FREE,0.0,,DAILY,,,,0.2503126214987163,1
https://rolex66.vip,Rolex66 AUD,213618,<b>Daily Checkin</b>,,38.0,38.0,1688.0,20.0,0.0,,"{""creditLessThan"":0.1,""displayDescriptionOnly"":""1"",""mobileAppOnly"":""1"",""walletId"":1,""changeGameId"":1}",FREE,0.0,,DAILY,,,,0.504885880297683,1
https://clubimperioaus.com,Club Imperio Aus,60807,<b>365Days FreeBonus</b>,,1.0,1.0,138.0,20.0,0.0,,"{""creditLessThan"":0.5,""mobileAppOnly"":""0"",""displayDescriptionOnly"":""1""}",FREE,0.0,,DAILY,,,,0.0984543971738284,1
https://jackpotau.com,JACKPOTAU,771378,WELCOME BACK FREE,,100.0,100.0,2000.0,20.0,0.0,,"{""displayAngpaoText"":""0"",""walletId"":1,""changeGameId"":1,""displayDescriptionOnly"":""1""}",FREE,0.0,,MONTHLY,,,,1.4547966200963671,1
https://jackpotau.com,JACKPOTAU,487171,Everyday Free Chip,,10.0,10.0,100.0,15.0,0.0,,"{""displayDescriptionOnly"":""1"",""walletId"":1,""changeGameId"":1,""displayAngpaoText"":""1""}",FREE,0.0,,DAILY,,,,2.717859814853726,1
https://tab9au.com,TAB9AU,7843,<b>New Register Free #C</b>,,399.0,399.0,400.0,50.0,0.0,,"{""startDate"":""2023-05-04"",""creditLessThan"":0.1,""displayDescriptionOnly"":""1"",""walletId"":1,""changeGameId"":1,""withdrawLessThan"":1}",FREE,0.0,,DAILY,,,,85.97480653166339,1
https://tab9au.com,TAB9AU,240579,<b>TAB9AU LUCKY #R</b>,,777.0,777.0,7777.0,10.0,0.0,,"{""creditLessThan"":0.1,""displayAngpaoText"":""1"",""displayDescriptionOnly"":""1"",""walletId"":1,""changeGameId"":1}",FREE,0.0,,DAILY,,,,3.066739001598801,1
https://richspinau.com,RICHSPINAU,210265,<b>FREE 365</b>,,5.0,5.0,100.0,10.0,0.0,,"{""creditLessThan"":""0.01"",""displayDescriptionOnly"":""1"",""walletId"":1,""changeGameId"":1}",FREE,0.0,,DAILY,,,,0.9452270845626882,1
https://richspinau.com,RICHSPINAU,710814,<b>Download App Bonus</b>,,20.0,20.0,500.0,10.0,0.0,,"{""displayDescriptionOnly"":""1"",""displayAngpaoText"":""1"",""mobileAppOnly"":""1"",""walletId"":1,""changeGameId"":1}",FREE,0.0,,DAILY,,,,0.7824908919849999,1
https://richspinau.com,RICHSPINAU,836835,<b>▶️REFREH BONUS</b>,,88.0,88.0,600.0,15.0,0.0,,"{""creditLessThan"":0.1,""displayDescriptionOnly"":""1"",""walletId"":1,""changeGameId"":1,""displayAngpaoText"":""1""}",FREE,0.0,,WEEKLY,,,,5.0460430296218215,1
https://we1winau.com,We1winAU,16642,<b>Daily Free Credit<b>,,5.0,5.0,50.0,0.05,0.0,,"{""displayDescriptionOnly"":""1"",""displayAngpaoText"":""1"",""creditLessThan"":0.1,""walletId"":1,""changeGameId"":1}",FREE,0.0,,DAILY,,,,0.0457431133345286,1
https://we1winau.com,We1winAU,16665,<b>We1winAU Download APP Free<b>,,20.0,20.0,200.0,10.0,0.0,,"{""mobileAppOnly"":""1"",""displayAngpaoText"":""1"",""displayDescriptionOnly"":""1"",""creditLessThan"":0.1,""walletId"":1,""changeGameId"":1}",FREE,0.0,,,,,,2.4598255150108943,1
https://safeau.net,SafeAu,826326,<b>Welcome Back</b>,,168.0,168.0,3000.0,15.0,0.0,,"{""creditLessThan"":0.01,""walletId"":1,""changeGameId"":1,""displayDescriptionOnly"":""1"",""displayAngpaoText"":""0""}",FREE,0.0,,,,,,1.5752023724444957,1
https://safeau.net,SafeAu,826325,<b>Telegram Free Premium</b>,,66.0,66.0,3000.0,66.0,0.0,,"{""walletId"":1,""changeGameId"":1,""displayAngpaoText"":""0"",""displayDescriptionOnly"":""1"",""creditLessThan"":0.1,""registerDate"":""2022-01-01"",""mustJoinTelegramChannel"":""SafeAuChannel""}",FREE,0.0,,,,,,0.7016785189575544,1
https://safeau.net,SafeAu,219016,<b>Daily Delights</b>,,6.66,6.66,450.0,15.0,0.0,,"{""walletId"":1,""changeGameId"":1,""creditLessThan"":0.01,""displayDescriptionOnly"":""1""}",FREE,0.0,,DAILY,,,,0.2430002275673908,1
https://safeau.net,SafeAu,461646,<b>Weekend Delights</b>,,50.0,50.0,2088.0,15.0,0.0,,"{""walletId"":1,""changeGameId"":1,""creditLessThan"":0.01,""claimTime"":""N=06,N=07"",""displayDescriptionOnly"":""1"",""displayAngpaoText"":""1""}",FREE,0.0,,DAILY,,,,0.5054807248079518,1
https://safeau.net,SafeAu,461642,<B>DOWNLOAD APP FREE</B>,,10.0,10.0,399.0,15.0,0.0,,"{""creditLessThan"":0.01,""displayDescriptionOnly"":""1"",""displayAngpaoText"":""1"",""mobileAppOnly"":""1"",""walletId"":1,""changeGameId"":1}",FREE,0.0,,DAILY,,,,0.4819599301726792,1
https://cyberbet77.com,CYBERBET77,127033,<B>Free 365 Days</B>,,2.0,2.0,100.0,20.0,0.0,,"{""creditLessThan"":1,""walletId"":1,""changeGameId"":1,""displayDescriptionOnly"":""1"",""registerDate"":""2023-10-21"",""displayAngpaoText"":""1""}",FREE,0.0,,DAILY,,,,0.3618791519681535,1
https://cyberbet77.com,CYBERBET77,823021,<b>DOWNLOAD APP FREE<b>,,10.0,10.0,500.0,10.0,0.0,,"{""creditLessThan"":0.5,""displayDescriptionOnly"":""1"",""walletId"":1,""changeGameId"":1,""mobileAppOnly"":""1"",""displayAngpaoText"":""0""}",FREE,0.0,,DAILY,,,,0.3143831825926947,1
https://cyberbet77.com,CYBERBET77,102874,<b>Referral Bonus</b>,,5.0,5.0,20.0,50.0,0.0,,"{""customBonus"":""downlinedeposit"",""creditLessThan"":1,""startDate"":""2023-07-17"",""displayDescriptionOnly"":""1"",""displayAngpaoText"":""1""}",CUSTOM,0.0,,,20.0,,,11.58811245149604,1
https://jackpotau.com,JACKPOTAU,771378,WELCOME BACK FREE,,100.0,100.0,2000.0,20.0,0.0,,"{""displayAngpaoText"":""0"",""walletId"":1,""changeGameId"":1,""displayDescriptionOnly"":""1""}",FREE,0.0,,MONTHLY,,,,1.4547966200963671,1
https://jackpotau.com,JACKPOTAU,487171,Everyday Free Chip,,10.0,10.0,100.0,15.0,0.0,,"{""displayDescriptionOnly"":""1"",""walletId"":1,""changeGameId"":1,""displayAngpaoText"":""1""}",FREE,0.0,,DAILY,,,,2.717859814853726,1
https://tab9au.com,TAB9AU,7843,<b>New Register Free #C</b>,,399.0,399.0,400.0,50.0,0.0,,"{""startDate"":""2023-05-04"",""creditLessThan"":0.1,""displayDescriptionOnly"":""1"",""walletId"":1,""changeGameId"":1,""withdrawLessThan"":1}",FREE,0.0,,DAILY,,,,85.97480653166339,1
https://tab9au.com,TAB9AU,240579,<b>TAB9AU LUCKY #R</b>,,777.0,777.0,7777.0,10.0,0.0,,"{""creditLessThan"":0.1,""displayAngpaoText"":""1"",""displayDescriptionOnly"":""1"",""walletId"":1,""changeGameId"":1}",FREE,0.0,,DAILY,,,,3.066739001598801,1
https://1spinnwin.com,1SPIN&WIN,27547,<b>Hourly Bonus</b>,,15.0,15.0,200.0,5.0,0.0,,"{""displayDescriptionOnly"":""1"",""displayAngpaoText"":""1"",""walletId"":1,""changeGameId"":1,""creditLessThan"":0.1,""resetHour"":2}",FREE,0.0,,HOURLY,,,,1.2588993529486476,1
https://ipay9aud.com,iPAY9,817609,iPAY9 APP BONUS,,20.0,20.0,300.0,20.0,0.0,,"{""creditLessThan"":1,""displayDescriptionOnly"":""1"",""mobileAppOnly"":""1"",""displayAngpaoText"":""1"",""ignoreTrxAmount"":1,""walletId"":1,""changeGameId"":1}",FREE,0.0,,MONTHLY,,,,1.881391578715761,1
https://ipay9aud.com,iPAY9,103170,FREE CHIPS,,10.0,10.0,100.0,20.0,0.0,,"{""mobileAppOnly"":""0"",""registerDate"":""2023-01-15"",""creditLessThan"":1,""displayDescriptionOnly"":""1"",""changeGameId"":1,""walletId"":1}",FREE,0.0,,MONTHLY,,,,2.9844257543630697,1
https://penguin88.club,PENGUIN88,129048,<b>Daily Free 365Days</b>,,10.0,10.0,555.0,23.0,0.0,,"{""walletId"":1,""changeGameId"":1,""creditLessThan"":0.1,""displayDescriptionOnly"":""1"",""registerDate"":""2023-10-01""}",FREE,0.0,,DAILY,,,,0.3657098183778751,1
https://penguin88.club,PENGUIN88,129046,<b>SHARE BONUS</b>,,1.0,1.0,15.0,20.0,0.0,,"{""customBonus"":""sharebonus"",""creditLessThan"":1,""startDate"":""2024-02-01"",""walletId"":1,""changeGameId"":1}",CUSTOM,0.0,,,,,,1.577501938388805,1
https://penguin88.club,PENGUIN88,140065,<b>Download APP</b>,,8.0,8.0,300.0,20.0,0.0,,"{""walletId"":1,""changeGameId"":1,""creditLessThan"":""0.10"",""mobileAppOnly"":""1"",""displayDescriptionOnly"":""1"",""displayAngpaoText"":""1""}",FREE,0.0,,,,,,0.563652124200173,1
https://aus88win.com,Aus88Win,481100,Special Daily Free,,11.88,11.88,260.0,20.0,0.0,,"{""creditLessThan"":0.1,""displayDescriptionOnly"":""1"",""mobileAppOnly"":""1"",""displayAngpaoText"":""1"",""walletId"":1,""changeGameId"":1}",FREE,0.0,,DAILY,,,,1.133868810775502,1
https://onyxaud.com,OnyxAUD,737385,"<b style=""color:yellow;"">Offical Partner Free!</b>",,5.0,5.0,500.0,20.0,0.0,,"{""creditLessThan"":1,""displayDescriptionOnly"":""1"",""displayAngpaoText"":""0""}",FREE,0.0,,DAILY,,,,0.1605138898976985,1
https://onyxaud.com,OnyxAUD,133250,<B>Daily Free</b>,,4.0,4.0,100.0,0.05,0.0,,"{""changeGameId"":1,""walletId"":1}",FREE,0.0,,DAILY,,,,0.0143518595074907,1
https://richman96.com,Richman96 Official Site - Online Gaming Australia,124299,Daily Check In Free,,6.0,6.0,500.0,20.0,0.0,,"{""creditLessThan"":0.01,""mobileAppOnly"":""0"",""walletId"":1,""changeGameId"":1}",FREE,0.0,,DAILY,,,,0.2039351427681441,1
https://pokies4bet.com,POKIES4BET,0,COMMISSION,COMMISSION,,0.08,,,,,,,,,,,,,5.08959221154666,1
https://dd8au.com,DD8AU,469162,DAILY FREE,,500.0,500.0,10000.0,10.0,0.0,,"{""creditLessThan"":0.1, ""displayDescriptionOnly"":""1"",""walletId"":1,""changeGameId"":1}",FREE,0.0,,DAILY,,,,1.2595888978752612,1
https://iw99au.com,IW99,143029,<b>FREE 365 DAYS ALL SLOT<b>,,5.0,5.0,100.0,0.05,0.0,,"{""displayDescriptionOnly"":""1"",""displayAngpaoText"":""1"",""walletId"":1,""changeGameId"":1}",FREE,0.0,,DAILY,,,,0.0192326100127747,1
https://iw99au.com,IW99,191418,<b>MOBILE APP PREE CREDIT</b>,,10.0,10.0,150.0,0.05,0.0,,"{""creditLessThan"":0.1,""displayDescriptionOnly"":""1"",""walletId"":1,""changeGameId"":1,""mobileAppOnly"":""1""}",FREE,0.0,,DAILY,,,,0.0288110977305321,1
https://iw99au.com,IW99,215998,<b>JOIN TELEGRAM<b>,,100.0,100.0,888.0,10.0,0.0,,"{""displayAngpaoText"":""0"",""displayDescriptionOnly"":""1"",""mobileAppOnly"":""0"",""creditLessThan"":0.1,""registerDate"":""2023-01-01"",""mustJoinTelegramChannel"":""iW99audchannel"",""walletId"":1,""changeGameId"":1}",FREE,0.0,,,,,,3.161437519846701,1
https://royale9au.com,Royale9 Jernice,753508,Checkin Sunday,,19.0,19.0,410.0,15.0,0.0,,"{""displayDescriptionOnly"":""1"",""displayAngpaoText"":""0"",""claimTime"":""N=07"",""walletId"":1,""changeGameId"":1}",FREE,0.0,,WEEKLY,,,,1.0838363548106638,1
https://zeroaud.com,ZERO,168227,<b>Daily Free</b>,,20.0,20.0,500.0,10.0,0.0,,"{""creditLessThan"":""0.10"",""displayDescriptionOnly"":""1"",""changeGameId"":1,""walletId"":1}",FREE,0.0,,DAILY,,,,0.7824908919849999,1
https://zeroaud.com,ZERO,835469,<b>July Special Extra Free AUD58</b>,,58.0,58.0,888.0,13.0,0.0,,"{""creditLessThan"":""0.10"",""displayDescriptionOnly"":""1"",""changeGameId"":1,""walletId"":1,""displayAngpaoText"":""0""}",FREE,0.0,,DAILY,,,,1.702415111858481,1
https://zeroaud.com,ZERO,168162,<b>Download App Bonus</b>,,30.0,30.0,700.0,10.0,0.0,,"{""creditLessThan"":0.1,""displayDescriptionOnly"":""1"",""displayAngpaoText"":""1"",""mobileAppOnly"":""1"",""ignoreTrxAmount"":1,""changeGameId"":1,""walletId"":1}",FREE,0.0,,DAILY,,,,0.8757891750140593,1
https://zeroaud.com,ZERO,168295,<b>Share Friends Get</b>,,3.0,3.0,45.0,0.05,0.0,,"{""customBonus"":""sharebonus"",""creditLessThan"":0.1,""startDate"":""2024-02-01"",""displayDescriptionOnly"":""1"",""displayAngpaoText"":""1"",""changeGameId"":1,""walletId"":1}",CUSTOM,0.0,,,,,,0.0267159422195756,1
https://fuckmate.co,FuckMate,173384,New Share Bonus,,2.0,2.0,20.0,15.0,0.0,,"{""customBonus"":""sharebonus"",""creditLessThan"":0.1,""startDate"":""2023-07-29"",""walletId"":1,""changeGameId"":1,""displayAngpaoText"":""0"",""displayDescriptionOnly"":""1"",""initial_free_limit"":""0"",""deposit_free_limit"":""0"",""min_withdraw"":""10"",""max_withdraw"":""15""}",CUSTOM,0.0,,,,,,2.464009299685826,1
https://luckymate88.com,Luckymate88,720141,Daily Free $5,,5.0,5.0,100.0,3.99,0.0,,"{""creditLessThan"":0.1,""mobileAppOnly"":""0"",""displayDescriptionOnly"":""1"",""displayAngpaoText"":""1"",""changeGameId"":1,""walletId"":1}",FREE,0.0,,DAILY,,,,0.6336356620086705,1
https://luckymate88.com,Luckymate88,720142,(Download APP) Free $10,,10.0,10.0,150.0,3.99,0.0,,"{""creditLessThan"":0.1,""mobileAppOnly"":""1"",""displayDescriptionOnly"":""1"",""displayAngpaoText"":""1"",""changeGameId"":1,""walletId"":1}",FREE,0.0,,WEEKLY,,,,0.9492075683724848,1
https://venus55.com,Venus55,0,Daily Rollover Rebate,REBATE,,0.12,0.6,3000.0,,,,,,,,,,,8.238702450784276,1
https://iw99au.com,IW99,143029,<b>FREE 365 DAYS ALL SLOT<b>,,5.0,5.0,100.0,0.05,0.0,,"{""displayDescriptionOnly"":""1"",""displayAngpaoText"":""1"",""walletId"":1,""changeGameId"":1}",FREE,0.0,,DAILY,,,,0.0192326100127747,1
https://iw99au.com,IW99,191418,<b>MOBILE APP PREE CREDIT</b>,,10.0,10.0,150.0,0.05,0.0,,"{""creditLessThan"":0.1,""displayDescriptionOnly"":""1"",""walletId"":1,""changeGameId"":1,""mobileAppOnly"":""1""}",FREE,0.0,,DAILY,,,,0.0288110977305321,1
https://iw99au.com,IW99,215998,<b>JOIN TELEGRAM<b>,,100.0,100.0,888.0,10.0,0.0,,"{""displayAngpaoText"":""0"",""displayDescriptionOnly"":""1"",""mobileAppOnly"":""0"",""creditLessThan"":0.1,""registerDate"":""2023-01-01"",""mustJoinTelegramChannel"":""iW99audchannel"",""walletId"":1,""changeGameId"":1}",FREE,0.0,,,,,,3.161437519846701,1
https://royale9au.com,Royale9 Jernice,753508,Checkin Sunday,,19.0,19.0,410.0,15.0,0.0,,"{""displayDescriptionOnly"":""1"",""displayAngpaoText"":""0"",""claimTime"":""N=07"",""walletId"":1,""changeGameId"":1}",FREE,0.0,,WEEKLY,,,,1.0838363548106638,1
https://zeroaud.com,ZERO,168227,<b>Daily Free</b>,,20.0,20.0,500.0,10.0,0.0,,"{""creditLessThan"":""0.10"",""displayDescriptionOnly"":""1"",""changeGameId"":1,""walletId"":1}",FREE,0.0,,DAILY,,,,0.7824908919849999,1
https://zeroaud.com,ZERO,835469,<b>July Special Extra Free AUD58</b>,,58.0,58.0,888.0,13.0,0.0,,"{""creditLessThan"":""0.10"",""displayDescriptionOnly"":""1"",""changeGameId"":1,""walletId"":1,""displayAngpaoText"":""0""}",FREE,0.0,,DAILY,,,,1.702415111858481,1
https://zeroaud.com,ZERO,168162,<b>Download App Bonus</b>,,30.0,30.0,700.0,10.0,0.0,,"{""creditLessThan"":0.1,""displayDescriptionOnly"":""1"",""displayAngpaoText"":""1"",""mobileAppOnly"":""1"",""ignoreTrxAmount"":1,""changeGameId"":1,""walletId"":1}",FREE,0.0,,DAILY,,,,0.8757891750140593,1
https://zeroaud.com,ZERO,168295,<b>Share Friends Get</b>,,3.0,3.0,45.0,0.05,0.0,,"{""customBonus"":""sharebonus"",""creditLessThan"":0.1,""startDate"":""2024-02-01"",""displayDescriptionOnly"":""1"",""displayAngpaoText"":""1"",""changeGameId"":1,""walletId"":1}",CUSTOM,0.0,,,,,,0.0267159422195756,1
https://u88aud.com,U88AUD,25859,<b>Daily Free Credit<b>,,5.0,5.0,50.0,0.05,0.0,,"{""displayDescriptionOnly"":""1"",""displayAngpaoText"":""1"",""creditLessThan"":0.1,""walletId"":1,""changeGameId"":1}",FREE,0.0,,DAILY,,,,0.0457431133345286,1
https://u88aud.com,U88AUD,25897,<b>U88AUD Download APP Free<b>,,20.0,20.0,200.0,10.0,0.0,,"{""mobileAppOnly"":""1"",""displayAngpaoText"":""1"",""displayDescriptionOnly"":""0"",""creditLessThan"":0.1,""walletId"":1,""changeGameId"":1}",FREE,0.0,,,,,,2.4598255150108943,1
https://betman9.com,BETMAN9,823856,BETMAN 9 x BNG,,9.0,9.0,199.0,20.0,0.0,,"{""mobileAppOnly"":""1"",""displayDescriptionOnly"":""1"",""displayAngpaoText"":""0"",""walletId"":1,""changeGameId"":1,""creditLessThan"":0.1}",FREE,0.0,,,,,,1.0992886789080416,1
https://emax7.co,EMAX7,192788,Free Chips (Daily),,2.0,2.0,137.0,20.0,0.0,,"{""mobileAppOnly"":""1"",""creditLessThan"":0.1,""displayDescriptionOnly"":""1""}",FREE,0.0,,DAILY,,,,0.2441534441118265,1
https://emax7.co,EMAX7,449403,Daily Free (Ⅰ),,7.77,7.77,577.0,20.0,0.0,,"{""customBonus"":""manual"",""creditLessThan"":0.01,""mobileAppOnly"":""1"",""displayDescriptionOnly"":""1"",""walletId"":1,""changeGameId"":1,""fixRT"":1}",FREE,0.0,,DAILY,,,,0.2394891934132682,1
https://mrpoint.co,MRPOINT,218874,<b>Hourly Bonus</b>,,15.0,15.0,200.0,5.0,0.0,,"{""displayDescriptionOnly"":""1"",""displayAngpaoText"":""1"",""walletId"":1,""changeGameld"":1,""creditLessThan"":0.1,""resetHour"":2}",FREE,0.0,,HOURLY,,,,1.2588993529486476,1
https://truewin77.com,TRUEWIN77,0,Daily Rollover Rebate,REBATE,,0.19,0.0,3000.0,,,,,,,,,,,14.708994598939544,1
https://truewin77.com,TRUEWIN77,0,Daily Rollover Rebate,REBATE,,0.19,0.0,3000.0,,,,,,,,,,,14.708994598939544,1
https://cr33au.com,CR33,691058,"<b style=""color:#;"">Daily Free Points</b>",,3200.0,3200.0,64000.0,15.0,0.0,,"{""creditLessThan"":1,""mobileAppOnly"":""0"",""walletId"":1,""changeGameId"":1}",FREE,0.0,,DAILY,,,,1.6087605116993464,1
https://cr33au.com,CR33,691170,"<b style=""color:#;"">Daily Points Reward</b>",,198.0,198.0,238.0,10.0,0.0,,"{""creditLessThan"":1,""mobileAppOnly"":""1"",""walletId"":1,""changeGameId"":1}",FREE,0.0,,DAILY,,,,40.12357847203428,1
https://thestar.asia,TheStar,229154,FREE SPIN 365 DAYS,,377.0,377.0,3777.0,20.0,0.0,,"{""creditLessThan"":0.1,""displayDescriptionOnly"":""1"",""displayAngpaoText"":""1"",""walletId"":1,""changeGameId"":1,""mobileAppOnly"":""0""}",FREE,0.0,,DAILY,,,,3.7345832540718886,1
https://thestar.asia,TheStar,132292,App Free Bonus,,777.0,777.0,7777.0,20.0,0.0,,"{""creditLessThan"":0.1,""displayDescriptionOnly"":""1"",""displayAngpaoText"":""1"",""walletId"":1,""changeGameId"":1,""mobileAppOnly"":""1""}",FREE,0.0,,DAILY,,,,3.893729558135782,1
https://rolex9.net,Rolex9,751797,Apps Daily Free,,20.0,20.0,300.0,10.0,0.0,,"{""creditLessThan"":1,""displayDescriptionOnly"":""1"",""mobileAppOnly"":""1"",""displayAngpaoText"":""1""}",FREE,0.0,,DAILY,,,,1.4818021759296418,1
https://mrbean9.com,MrBean9,751475,MrBean9 APP BONUS,,13.0,13.0,630.0,10.0,0.0,,"{""creditLessThan"":1,""displayDescriptionOnly"":""1"",""mobileAppOnly"":""1"",""displayAngpaoText"":""1"",""fixRT"":1,""walletId"":1,""changeGameId"":1}",FREE,0.0,,WEEKLY,,,,0.3325751938655694,1
https://rubyaud.com,RUBY,483645,<b> Ruby Giveaway</b>,,18.0,18.0,300.0,10.0,0.0,,"{""creditLessThan"":0.1,""displayDescriptionOnly"":""1"",""walletId"":1,""changeGameId"":1}",FREE,0.0,,WEEKLY,,,,1.2900223937402764,1
https://rubyaud.com,RUBY,748034,<b> Download Apps Free </b>,,20.0,20.0,500.0,10.0,0.0,,"{""creditLessThan"":0.1,""displayDescriptionOnly"":""1"",""walletId"":1,""changeGameId"":1,""mobileAppOnly"":""1""}",FREE,0.0,,DAILY,,,,0.7824908919849999,1
https://rubyaud.com,RUBY,140758,<b>Free 365</b>,,2.0,2.0,100.0,10.0,0.0,,"{""creditLessThan"":0.1,""displayDescriptionOnly"":""1""}",FREE,0.0,,DAILY,,,,0.2850195147445152,1
https://maxspin7.com,MaxSpin7,825237,<b>Mobile App Bonus<b>,,5.0,5.0,200.0,20.0,0.0,,"{""customBonus"":""manual"",""mobileAppOnly"":""1"",""displayDescriptionOnly"":""1"",""displayAngpaoText"":""1"",""fixRT"":1,""changeGameId"":1,""walletId"":1}",FREE,0.0,,,,,,0.5045888277145305,1
https://truewin77.com,TRUEWIN77,0,Daily Rollover Rebate,REBATE,,0.19,0.0,3000.0,,,,,,,,,,,14.708994598939544,1
https://cr33au.com,CR33,691058,"<b style=""color:#;"">Daily Free Points</b>",,3200.0,3200.0,64000.0,15.0,0.0,,"{""creditLessThan"":1,""mobileAppOnly"":""0"",""walletId"":1,""changeGameId"":1}",FREE,0.0,,DAILY,,,,1.6087605116993464,1
https://cr33au.com,CR33,691170,"<b style=""color:#;"">Daily Points Reward</b>",,198.0,198.0,238.0,10.0,0.0,,"{""creditLessThan"":1,""mobileAppOnly"":""1"",""walletId"":1,""changeGameId"":1}",FREE,0.0,,DAILY,,,,40.12357847203428,1
https://venus55.com,Venus55,0,Daily Rollover Rebate,REBATE,,0.12,0.6,3000.0,,,,,,,,,,,8.238702450784276,1
https://harbour33.com,HARBOUR33,815239,<b>⭐Harbour33 Mega Event </b>,,88.0,88.0,1000.0,15.0,0.0,,"{""creditLessThan"":0.1,""walletId"":1,""changeGameId"":1,""displayDescriptionOnly"":""1"",""registerBeforeDate"":""2026-04-30"",""displayAngpaoText"":""1""}",FREE,0.0,,,,,,2.6646490168407952,1
https://harbour33.com,HARBOUR33,135990,<b>⭐DAILY HOUR FREE,,4.0,4.0,50.0,10.0,0.0,,"{""creditLessThan"":0.1,""walletId"":1,""changeGameId"":1,""displayAngpaoText"":""1"",""displayDescriptionOnly"":""1""}",FREE,0.0,,HOURLY,,,,1.6776200232700398,1
https://harbour33.com,HARBOUR33,815675,<B>Apps Daily Free</B>,,15.0,15.0,500.0,10.01,0.0,,"{""creditLessThan"":0.1,""walletId"":1,""changeGameId"":1,""displayDescriptionOnly"":""1"",""mobileAppOnly"":""1""}",FREE,0.0,,,,,,0.536143501779564,1
https://king88pokies.com,King88,176794,"<b style=""color:#FFD700"">Special Hourly Free</b>",,2.88,2.88,388.0,20.0,0.0,,"{""creditLessThan"":0.1,""mobileAppOnly"":""1"",""displayAngpaoText"":""1"",""walletId"":1,""changeGameId"":1}",FREE,0.0,,HOURLY,,,,0.1069659863056389,1
https://rubyaud.com,RUBY,483645,<b> Ruby Giveaway</b>,,18.0,18.0,300.0,10.0,0.0,,"{""creditLessThan"":0.1,""displayDescriptionOnly"":""1"",""walletId"":1,""changeGameId"":1}",FREE,0.0,,WEEKLY,,,,1.2900223937402764,1
https://rubyaud.com,RUBY,748034,<b> Download Apps Free </b>,,20.0,20.0,500.0,10.0,0.0,,"{""creditLessThan"":0.1,""displayDescriptionOnly"":""1"",""walletId"":1,""changeGameId"":1,""mobileAppOnly"":""1""}",FREE,0.0,,DAILY,,,,0.7824908919849999,1
https://rubyaud.com,RUBY,140758,<b>Free 365</b>,,2.0,2.0,100.0,10.0,0.0,,"{""creditLessThan"":0.1,""displayDescriptionOnly"":""1""}",FREE,0.0,,DAILY,,,,0.2850195147445152,1
https://maxspin7.com,MaxSpin7,825237,<b>Mobile App Bonus<b>,,5.0,5.0,200.0,20.0,0.0,,"{""customBonus"":""manual"",""mobileAppOnly"":""1"",""displayDescriptionOnly"":""1"",""displayAngpaoText"":""1"",""fixRT"":1,""changeGameId"":1,""walletId"":1}",FREE,0.0,,,,,,0.5045888277145305,1
https://wombats88.com,Wombat88,159928,<b>Download APP</b>,,5.0,5.0,250.0,20.0,0.0,,"{""walletId"":1,""changeGameId"":1,""creditLessThan"":""0.10"",""mobileAppOnly"":""1"",""displayDescriptionOnly"":""1"",""displayAngpaoText"":""1""}",FREE,0.0,,,,,,0.3817685198462131,1
https://wombats88.com,Wombat88,102199,<B>Daily Free</B>,,5.0,5.0,488.0,25.0,0.0,,"{""walletId"":1,""changeGameId"":1,""creditLessThan"":0.1,""displayDescriptionOnly"":""1"",""registerDate"":""2023-10-01""}",FREE,0.0,,DAILY,,,,0.1770700527999645,1
https://jk123au.com,Gday123 Australia,797058,"GDAY, FREE’S YOURS!",,7.0,7.0,350.0,30.0,0.0,,"{""creditLessThan"":0.5,""displayDescriptionOnly"":""1"",""displayAngpaoText"":""1"",""mobileAppOnly"":""0"",""walletId"":1,""changeGameId"":1,""offUsernames"":[""392576581"",""396299827"",""A016A2116""]}",FREE,0.0,,,,,,0.4399163521568864,1
https://bunny96.com,Bunny96 (AUD),186021,<b>Telegram Bonus</b>,,9.6,9.6,960.0,19.6,0.0,,"{""claimGroup"":""tele"",""creditLessThan"":0.1,""displayAngpaoText"":""1"",""displayDescriptionOnly"":""1"",""walletId"":1,""changeGameId"":1,""mustJoinTelegramChannel"":""BUNNY96AU_96"",""showIfAmount"":0}",FREE,0.0,,,,,,0.1663224213795627,1
https://diamondaud.com,DIAMONDAUD,122637,<b>Daily Free </b>,,10.0,10.0,600.0,10.0,0.0,,"{""creditLessThan"":0.1,""walletId"":1,""changeGameId"":1,""displayDescriptionOnly"":""1""}",FREE,0.0,,DAILY,,,,0.2503126214987163,1
https://diamondaud.com,DIAMONDAUD,830114,<b>FIFA FREE ⭐,,30.0,30.0,1000.0,10.0,0.0,,"{""displayAngpaoText"":""0"",""displayDescriptionOnly"":""1"",""creditLessThan"":0.1,""mustJoinTelegramChannel"":""diamondaud"",""changeGameId"":1,""walletId"":1}",FREE,0.0,,,,,,0.5607536677966316,1
https://keno99.com,Keno99,690698,<b>Daily Free Point</b>,,3200.0,3200.0,0.0,15.0,64000.0,,"{""creditLessThan"":1,""mobileAppOnly"":""0"",""walletId"":1,""changeGameId"":1,""displayAngpaoText"":""1"",""displayDescriptionOnly"":""1""}",FREE,0.0,,DAILY,,,,2.0881815322696407e-08,1
https://keno99.com,Keno99,690699,<b>Earn Point Bonus</b>,,198.0,198.0,238.0,10.0,0.0,,"{""creditLessThan"":1,""mobileAppOnly"":""0"",""walletId"":1,""changeGameId"":1,""displayAngpaoText"":""1"",""displayDescriptionOnly"":""1""}",FREE,0.0,,DAILY,,,,40.12357847203428,1
https://candymommy.co,CANDYMOMMY,28246,"<b style=""color:black;"">NEW REGISTER FREE</b>",,200.0,200.0,4000.0,20.0,0.0,,"{""creditLessThan"":0.1,""displayDescriptionOnly"":""1"",""registerDate"":""2022-05-06"",""walletId"":1,""changeGameId"":1}",FREE,0.0,,,,,,1.5168728522373116,1
https://candymommy.co,CANDYMOMMY,28247,"<b style=""color:black;"">HOURLY BONUS</b>",,15.0,15.0,200.0,5.0,0.0,,"{""displayDescriptionOnly"":""1"",""displayAngpaoText"":""1"",""walletId"":1,""changeGameId"":1,""creditLessThan"":0.1,""resetHour"":2}",FREE,0.0,,HOURLY,,,,1.2588993529486476,1
https://candymommy.co,CANDYMOMMY,239408,<b>Return Back Bonus,,10.0,10.0,500.0,10.0,0.0,,"{""displayDescriptionOnly"":""1""}",FREE,0.0,,MONTHLY,,,,0.3143831825926947,1
https://riches88.live,RICHES88,197659,<b>365 Day Free </b>,,10.0,10.0,450.0,10.01,0.0,,"{""creditLessThan"":0.1,""changeGameld"":1,""displayDescriptionOnly"":""1"",""changeGameId"":1,""walletId"":1}",FREE,0.0,,DAILY,,,,0.3587737939829095,1
https://riches88.live,RICHES88,836782,<b>⭐DAILY HOUR FREE,,3.0,3.0,50.0,10.0,0.0,,"{""creditLessThan"":0.1,""walletId"":1,""changeGameId"":1,""displayAngpaoText"":""1"",""displayDescriptionOnly"":""1""}",FREE,0.0,,HOURLY,,,,1.1509900370660882,1
https://riches88.live,RICHES88,712165,<b>TELEGRAM FREE</b>,,100.0,100.0,800.0,10.0,0.0,,"{""mustJoinTelegramChannel"":""riches88au"",""changeGameld"":1,""displayDescriptionOnly"":""1"",""changeGameId"":1,""walletId"":1}",FREE,0.0,,,,,,3.6019553639448203,1
https://mrbet9au.info,MrBet9au,231927,<b>Ultra Daily FREE</b> <b>#R</b>,,888.0,888.0,8888.0,10.0,0.0,,"{""creditLessThan"":0.1,""startDate"":""2025-04-03"",""displayDescriptionOnly"":""1"",""walletId"":1,""changeGameId"":1,""mobileAppOnly"":""1""}",FREE,0.0,,DAILY,,,,3.0892497883969123,1
https://neolux.vip,NEOLUX,814615,"<b style=""color:#686A6C;"">365 DAY X2 FREE</b>",,10.0,10.0,150.0,5.0,0.0,,"{""creditLessThan"":0.1,""walletId"":1,""changeGameid"":1,""displayDescriptionOnly"":""1"",""changeGameId"":1}",FREE,0.0,,DAILY,,,,1.0580525410463435,1
https://neolux.vip,NEOLUX,721986,"<b style=""color:#686A6C;"">DAY7 SUNDAY</b>",,68.0,68.0,5520.0,14.88,0.0,,"{""creditLessThan"":0.1,""walletId"":1,""claimTime"":""N=7"",""displayDescriptionOnly"":""1""}",FREE,0.0,,DAILY,,,,0.2239259782050777,1
https://spinfortune777.com,SpinFortune777,774118,<b>JUNE DAILY FREE $25</b>,,25.0,25.0,1500.0,20.0,0.0,,"{""creditLessThan"":0.1,""walletId"":1,""changeGameId"":1,""displayDescriptionOnly"":""1"",""displayAngpaoText"":""0""}",FREE,0.0,,DAILY,,,,0.3374655984918999,1
https://spinfortune777.com,SpinFortune777,149535,<b>DAILY FREE $4</b>,,4.0,4.0,200.0,10.0,0.0,,"{""creditLessThan"":0.1,""displayDescriptionOnly"":""1""}",FREE,0.0,,DAILY,,,,0.2965641236771447,1
https://spinfortune777.com,SpinFortune777,812013,<b>DAILY FREE $3</b>,,3.0,3.0,150.0,10.0,0.0,,"{""creditLessThan"":0.1,""displayDescriptionOnly"":""1""}",FREE,0.0,,DAILY,,,,0.2915211013307543,1
https://audwin9.com,AUDWIN9,134746,VIP Daily Free Credit $19.99,,19.99,19.99,139.0,9.0,0.0,,"{""creditLessThan"":0.5,""displayDescriptionOnly"":""1"",""offUsernames"":[""195295275"",""185529750""],""displayAngpaoText"":""0"",""changeGameId"":1,""walletId"":1}",FREE,0.0,,DAILY,,,,3.719829734402207,1
https://audwin9.com,AUDWIN9,137677,SHARE 1 MEMBER GET AUD 9,,9.0,9.0,27.0,9.0,0.0,,"{""customBonus"":""sharebonus"",""creditLessThan"":0.1,""startDate"":""2024-06-28"",""mobileAppOnly"":""0"",""displayDescriptionOnly"":""1"",""walletId"":1,""changeGameId"":1,""maxCount"":1}",CUSTOM,0.0,,,,,,10.09647804665611,1
https://jw8au.com,JW8AU,465923,<b>Welcome Back JW8</b> <b>#C</b>,,108.0,108.0,180.0,25.0,0.0,,"{""creditLessThan"":0.01,""displayDescriptionOnly"":""1"",""registerDate"":""2023-01-01"",""walletId"":1,""changeGameId"":1,""displayAngpaoText"":""1""}",FREE,0.0,,,,,,34.935858339321705,1
https://jw8au.com,JW8AU,720042,<b>App Bonus</b>,,88.0,88.0,3888.0,38.0,0.0,,"{""creditLessThan"":0.1,""displayDescriptionOnly"":""1"",""registerDate"":""2023-01-01"",""walletId"":1,""changeGameId"":1,""displayAngpaoText"":""1"",""mobileAppOnly"":""1""}",FREE,0.0,,,,,,0.6449116816413177,1
https://jw8au.com,JW8AU,231817,<b>Ultra Daily FREE</b> <b>#R</b>,,888.0,888.0,8888.0,10.0,0.0,,"{""creditLessThan"":0.01,""startDate"":""2024-04-03"",""displayDescriptionOnly"":""1"",""walletId"":1,""changeGameId"":1,""mobileAppOnly"":""1""}",FREE,0.0,,DAILY,,,,3.0892497883969123,1
https://aud99.com,Aud99,0,Rollover Rebate,REBATE,,0.13,,,,,,,,,,,,,9.37437321113813,1
https://aud99.com,Aud99,0,Daily Bet Rebate,REBATE,,0.13,,599.0,,,,,,,,,,,7.280502246217325,1
https://win99aud.com,WIN99AUD,180311,<b>Apps Angpao $5</b>,,5.0,5.0,200.0,20.0,0.0,,"{""displayDescriptionOnly"":""1"",""displayAngpaoText"":""1"",""mobileAppOnly"":""1"",""walletId"":1,""changeGameId"":1}",FREE,0.0,,,,,,0.5045888277145305,1
https://win99aud.com,WIN99AUD,122337,<b>FREE 365 DAY</b>,,20.0,20.0,600.0,15.0,0.0,,"{""creditLessThan"":0.1,""displayDescriptionOnly"":""1"",""displayAngpaoText"":""1"",""changeGameId"":1,""walletId"":1}",FREE,0.0,,DAILY,,,,0.7203739083272979,1
https://win99aud.com,WIN99AUD,714578,<b>Telegram Free $100<b>,,100.0,100.0,1000.0,15.0,0.0,,"{""displayAngpaoText"":""0"",""displayDescriptionOnly"":""1"",""creditLessThan"":0.1,""registerDate"":""2024-01-01"",""mobileAppOnly"":""0"",""mustJoinTelegramChannel"":""Aus55Channel"",""changeGameId"":1,""walletId"":1}",FREE,0.0,,,,,,3.151055490713614,1
https://starspin996.com,StarSpin996,830994,<b>Starspin996 Download APP Free</b>,,10.0,10.0,800.0,30.0,0.0,,"{""creditLessThan"":0.1,""displayDescriptionOnly"":""1"",""registerDate"":""2021-04-05"",""displayAngpaoText"":""1"",""mobileAppOnly"":""1""}",FREE,0.0,,,,,,0.2501945175456468,1
https://starspin996.com,StarSpin996,786863,<b>Starspin996 APP BONUS</b>,,30.0,30.0,600.0,30.0,0.0,,"{""creditLessThan"":1,""displayDescriptionOnly"":""1"",""mobileAppOnly"":""1"",""displayAngpaoText"":""1"",""ignoreTrxAmount"":1,""startDate"":""2026-03-09""}",FREE,0.0,,DAILY,30.0,,,1.5207279252292714,1
https://ubet66aus.com,UBET66AUS,824768,REJOIN FREE CREDIT,,16.66,16.66,366.0,20.0,0.0,,"{""creditLessThan"":0.1,""mobileAppOnly"":""1"",""displayAngpaoText"":""0""}",FREE,0.0,,MONTHLY,,,,1.153817077643568,1
https://audwin9.com,AUDWIN9,134746,VIP Daily Free Credit $19.99,,19.99,19.99,139.0,9.0,0.0,,"{""creditLessThan"":0.5,""displayDescriptionOnly"":""1"",""offUsernames"":[""195295275"",""185529750""],""displayAngpaoText"":""0"",""changeGameId"":1,""walletId"":1}",FREE,0.0,,DAILY,,,,3.719829734402207,1
https://audwin9.com,AUDWIN9,137677,SHARE 1 MEMBER GET AUD 9,,9.0,9.0,27.0,9.0,0.0,,"{""customBonus"":""sharebonus"",""creditLessThan"":0.1,""startDate"":""2024-06-28"",""mobileAppOnly"":""0"",""displayDescriptionOnly"":""1"",""walletId"":1,""changeGameId"":1,""maxCount"":1}",CUSTOM,0.0,,,,,,10.09647804665611,1
https://jw8au.com,JW8AU,465923,<b>Welcome Back JW8</b> <b>#C</b>,,108.0,108.0,180.0,25.0,0.0,,"{""creditLessThan"":0.01,""displayDescriptionOnly"":""1"",""registerDate"":""2023-01-01"",""walletId"":1,""changeGameId"":1,""displayAngpaoText"":""1""}",FREE,0.0,,,,,,34.935858339321705,1
https://jw8au.com,JW8AU,720042,<b>App Bonus</b>,,88.0,88.0,3888.0,38.0,0.0,,"{""creditLessThan"":0.1,""displayDescriptionOnly"":""1"",""registerDate"":""2023-01-01"",""walletId"":1,""changeGameId"":1,""displayAngpaoText"":""1"",""mobileAppOnly"":""1""}",FREE,0.0,,,,,,0.6449116816413177,1
https://jw8au.com,JW8AU,231817,<b>Ultra Daily FREE</b> <b>#R</b>,,888.0,888.0,8888.0,10.0,0.0,,"{""creditLessThan"":0.01,""startDate"":""2024-04-03"",""displayDescriptionOnly"":""1"",""walletId"":1,""changeGameId"":1,""mobileAppOnly"":""1""}",FREE,0.0,,DAILY,,,,3.0892497883969123,1
https://candymommy.co,CANDYMOMMY,28246,"<b style=""color:black;"">NEW REGISTER FREE</b>",,200.0,200.0,4000.0,20.0,0.0,,"{""creditLessThan"":0.1,""displayDescriptionOnly"":""1"",""registerDate"":""2022-05-06"",""walletId"":1,""changeGameId"":1}",FREE,0.0,,,,,,1.5168728522373116,1
https://candymommy.co,CANDYMOMMY,28247,"<b style=""color:black;"">HOURLY BONUS</b>",,15.0,15.0,200.0,5.0,0.0,,"{""displayDescriptionOnly"":""1"",""displayAngpaoText"":""1"",""walletId"":1,""changeGameId"":1,""creditLessThan"":0.1,""resetHour"":2}",FREE,0.0,,HOURLY,,,,1.2588993529486476,1
https://candymommy.co,CANDYMOMMY,239408,<b>Return Back Bonus,,10.0,10.0,500.0,10.0,0.0,,"{""displayDescriptionOnly"":""1""}",FREE,0.0,,MONTHLY,,,,0.3143831825926947,1
https://riches88.live,RICHES88,197659,<b>365 Day Free </b>,,10.0,10.0,450.0,10.01,0.0,,"{""creditLessThan"":0.1,""changeGameld"":1,""displayDescriptionOnly"":""1"",""changeGameId"":1,""walletId"":1}",FREE,0.0,,DAILY,,,,0.3587737939829095,1
https://riches88.live,RICHES88,836782,<b>⭐DAILY HOUR FREE,,3.0,3.0,50.0,10.0,0.0,,"{""creditLessThan"":0.1,""walletId"":1,""changeGameId"":1,""displayAngpaoText"":""1"",""displayDescriptionOnly"":""1""}",FREE,0.0,,HOURLY,,,,1.1509900370660882,1
https://riches88.live,RICHES88,712165,<b>TELEGRAM FREE</b>,,100.0,100.0,800.0,10.0,0.0,,"{""mustJoinTelegramChannel"":""riches88au"",""changeGameld"":1,""displayDescriptionOnly"":""1"",""changeGameId"":1,""walletId"":1}",FREE,0.0,,,,,,3.6019553639448203,1
https://mrbet9au.info,MrBet9au,231927,<b>Ultra Daily FREE</b> <b>#R</b>,,888.0,888.0,8888.0,10.0,0.0,,"{""creditLessThan"":0.1,""startDate"":""2025-04-03"",""displayDescriptionOnly"":""1"",""walletId"":1,""changeGameId"":1,""mobileAppOnly"":""1""}",FREE,0.0,,DAILY,,,,3.0892497883969123,1
https://ubet66aus.com,UBET66AUS,824768,REJOIN FREE CREDIT,,16.66,16.66,366.0,20.0,0.0,,"{""creditLessThan"":0.1,""mobileAppOnly"":""1"",""displayAngpaoText"":""0""}",FREE,0.0,,MONTHLY,,,,1.153817077643568,1
https://ss9au.net,SS9AU,762318,Daily No Deposit Boost,,10.0,10.0,199.0,10.0,0.0,,"{""displayDescriptionOnly"":""1"",""mobileAppOnly"":""1"",""displayAngpaoText"":""1"",""creditLessThan"":0.1,""ignoreTrxAmount"":1,""startDate"":""2026-01-23"",""changeGameId"":1,""walletId"":1}",FREE,0.0,,DAILY,,,,0.9945015538788536,1
https://acehighwin.com,ACEHIGHWIN,199753,<B>Daily Free(Event),,15.0,15.0,600.0,10.0,0.0,,"{""creditLessThan"":0.1,""walletId"":1,""changeGameId"":1,""displayDescriptionOnly"":""1""}",FREE,0.0,,DAILY,,,,0.4267170000250283,1
https://thepokies33.com,ThePokies33,0,Daily Rollover Rebate 0.6%,REBATE,,0.11,,3000.0,,,,,,,,,,,7.383936723492344,1
https://play369.co,PLAY369,784768,<b>Daily Free $5,,5.0,5.0,150.0,15.0,0.0,,"{""creditLessThan"":0.1,""displayDescriptionOnly"":""1""}",FREE,0.0,,DAILY,,,,0.6583810534082891,1
https://hb88au.com,HB88 PayID Casino Australia,210427,<b>IOS & ANDROID APPS BONUS</b>,,18.0,18.0,388.0,18.0,0.0,,"{""creditLessThan"":1,""displayDescriptionOnly"":""1"",""mobileAppOnly"":""1"",""walletId"":1,""changeGameId"":1,""displayAngpaoText"":""0""}",FREE,0.0,,,,,,1.1485013436929892,1
https://spinup77.com,SPINUP77,151435,<b>Only Fan 【Limited】</b>,,10.0,10.0,199.0,10.0,0.0,,"{""maxRoundTargetAll"":1,""displayDescriptionOnly"":""1"",""creditLessThan"":0.1,""changeGameId"":1,""walletId"":1}",FREE,0.0,,DAILY,,,,0.9945015538788536,1
https://spinup77.com,SPINUP77,151143,<b>Daily Free</b>,,27.0,27.0,577.0,10.0,0.0,,"{""creditLessThan"":0.1,""displayDescriptionOnly"":""1"",""ignoreTrxAmount"":1,""changeGameId"":1,""walletId"":1}",FREE,0.0,,DAILY,,,,0.9708184036084224,1
https://spinup77.com,SPINUP77,151127,<b>Download App Bonus</b>,,27.0,27.0,577.0,10.0,0.0,,"{""creditLessThan"":0.1,""displayDescriptionOnly"":""1"",""displayAngpaoText"":""1"",""mobileAppOnly"":""1"",""ignoreTrxAmount"":1,""changeGameId"":1,""walletId"":1}",FREE,0.0,,DAILY,,,,0.9708184036084224,1
https://nightclubaus.com,NC88AU,240890,APP FREE CHECK IN,,18.88,18.88,1000.0,20.0,0.0,,"{""creditLessThan"":1,""mobileAppOnly"":""1"",""walletId"":1,""changeGameId"":1}",FREE,0.0,,DAILY,,,,0.3872198113645413,1
https://thepokies33.com,ThePokies33,0,Daily Rollover Rebate 0.6%,REBATE,,0.11,,3000.0,,,,,,,,,,,7.383936723492344,1
https://aud99.com,Aud99,0,Rollover Rebate,REBATE,,0.13,,,,,,,,,,,,,9.37437321113813,1
https://aud99.com,Aud99,0,Daily Bet Rebate,REBATE,,0.13,,599.0,,,,,,,,,,,7.280502246217325,1
https://win99aud.com,WIN99AUD,180311,<b>Apps Angpao $5</b>,,5.0,5.0,200.0,20.0,0.0,,"{""displayDescriptionOnly"":""1"",""displayAngpaoText"":""1"",""mobileAppOnly"":""1"",""walletId"":1,""changeGameId"":1}",FREE,0.0,,,,,,0.5045888277145305,1
https://win99aud.com,WIN99AUD,122337,<b>FREE 365 DAY</b>,,20.0,20.0,600.0,15.0,0.0,,"{""creditLessThan"":0.1,""displayDescriptionOnly"":""1"",""displayAngpaoText"":""1"",""changeGameId"":1,""walletId"":1}",FREE,0.0,,DAILY,,,,0.7203739083272979,1
https://win99aud.com,WIN99AUD,714578,<b>Telegram Free $100<b>,,100.0,100.0,1000.0,15.0,0.0,,"{""displayAngpaoText"":""0"",""displayDescriptionOnly"":""1"",""creditLessThan"":0.1,""registerDate"":""2024-01-01"",""mobileAppOnly"":""0"",""mustJoinTelegramChannel"":""Aus55Channel"",""changeGameId"":1,""walletId"":1}",FREE,0.0,,,,,,3.151055490713614,1
https://starspin996.com,StarSpin996,830994,<b>Starspin996 Download APP Free</b>,,10.0,10.0,800.0,30.0,0.0,,"{""creditLessThan"":0.1,""displayDescriptionOnly"":""1"",""registerDate"":""2021-04-05"",""displayAngpaoText"":""1"",""mobileAppOnly"":""1""}",FREE,0.0,,,,,,0.2501945175456468,1
https://starspin996.com,StarSpin996,786863,<b>Starspin996 APP BONUS</b>,,30.0,30.0,600.0,30.0,0.0,,"{""creditLessThan"":1,""displayDescriptionOnly"":""1"",""mobileAppOnly"":""1"",""displayAngpaoText"":""1"",""ignoreTrxAmount"":1,""startDate"":""2026-03-09""}",FREE,0.0,,DAILY,30.0,,,1.5207279252292714,1
https://nightclubaus.com,NC88AU,240890,APP FREE CHECK IN,,18.88,18.88,1000.0,20.0,0.0,,"{""creditLessThan"":1,""mobileAppOnly"":""1"",""walletId"":1,""changeGameId"":1}",FREE,0.0,,DAILY,,,,0.3872198113645413,1
https://7pokies.com,7POKIES,184225,Daily Free,,5.0,5.0,500.0,20.0,0.0,,"{""creditLessThan"":0.1,""displayDescriptionOnly"":""1"",""mobileAppOnly"":""0""}",FREE,0.0,,DAILY,,,,0.1605138898976985,1
https://betworld168.vip,BetWorld168.vip,825238,<b>Mobile App Bonus<b>,,5.0,5.0,200.0,20.0,0.0,,"{""customBonus"":""manual"",""mobileAppOnly"":""1"",""displayDescriptionOnly"":""1"",""displayAngpaoText"":""1"",""fixRT"":1,""walletId"":1,""changeGameId"":1,""creditLessThan"":0.1}",FREE,0.0,,,,,,0.5045888277145305,1
https://aus4win.com,SS9AU,762318,Daily No Deposit Boost,,10.0,10.0,199.0,10.0,0.0,,"{""displayDescriptionOnly"":""1"",""mobileAppOnly"":""1"",""displayAngpaoText"":""1"",""creditLessThan"":0.1,""ignoreTrxAmount"":1,""startDate"":""2026-01-23"",""changeGameId"":1,""walletId"":1}",FREE,0.0,,DAILY,,,,0.9945015538788536,1
https://thepokies96.com,ThePokies96,0,VIP Weekly Rebate,REBATE,,0.11,,3000.0,,,,,,,,,,,7.383936723492344,1
https://pp99au.com,PP99,16504,PP99 REBATE BALANCE REDEMPTION,,5.0,5.0,288.88,50.0,0.0,,"{""customBonus"":""manual"",""maxWithdrawTimeAmount"":1,""fixRT"":1,""displayDescriptionOnly"":""1"",""showIfAmount"":1}",CUSTOM,0.0,,,,,,0.4115317540420936,1
https://pp99au.com,PP99,28753,APPS DAILY FREE,,30.0,30.0,600.0,20.0,0.0,,"{""creditLessThan"":1,""walletId"":1,""changeGameId"":1,""displayDescriptionOnly"":""1"",""displayAngpaoText"":""1"",""mobileAppOnly"":""1""}",FREE,0.0,,DAILY,,,,1.3482549626236184,1
https://pokiesbillion.com,POKIESBILLION,241382,<b>Download PokiesBillion APK</b>,,20.0,20.0,450.0,10.0,0.0,,"{""creditLessThan"":0.1,""displayDescriptionOnly"":""1"",""registerDate"":""2024-06-17"",""walletId"":1,""changeGameId"":1,""mobileAppOnly"":""1"",""displayAngpaoText"":""1""}",FREE,0.0,,DAILY,,,,0.8926396100823013,1
https://pokiesbillion.com,POKIESBILLION,786911,<b>✅Hourly Free,,3.0,3.0,100.0,3.0,0.0,,"{""creditLessThan"":0.1,""walletId"":1,""changeGameld"":1,""displayAngpaoText"":""1"",""displayDescriptionOnly"":""1""}",FREE,0.0,,HOURLY,,,,0.2797752645108979,1
https://pokiesbillion.com,POKIESBILLION,802814,<b>Restore Maintenance Bonus</b>,,8.0,8.0,450.0,10.0,0.0,,"{""displayDescriptionOnly"":""1"",""walletId"":1,""changeGameId"":1}",FREE,0.0,,,,,,0.2674287575537815,1
https://pokiesbillion.com,POKIESBILLION,236699,<b>Free All Slot 365Days,,3.0,3.0,150.0,10.0,0.0,,"{""creditLessThan"":0.1,""displayDescriptionOnly"":""1"",""displayAngpaoText"":""1""}",FREE,0.0,,DAILY,,,,0.2915211013307543,1
https://pokiesbillion.com,POKIESBILLION,838022,<b>▶️Billion Appreciate 1</b>,,38.0,38.0,500.0,10.0,0.0,,"{""creditLessThan"":0.1,""displayDescriptionOnly"":""1"",""walletId"":1,""changeGameId"":1,""displayAngpaoText"":""1""}",FREE,0.0,,WEEKLY,,,,1.8197314677822884,1
https://crown155au.com,Original Crownzo Online Casino Australia,830523,<b> Rebrand Bonus</b>,,58.0,58.0,870.0,20.0,0.0,,"{""creditLessThan"":1,""displayDescriptionOnly"":""1"",""walletId"":1,""changeGameId"":1,""displayAngpaoText"":""0""}",FREE,0.0,,,,,,2.0148975164535674,1
https://luxeau777.com,LUXEAU777,230235,<b>Free Slot 365Days,,3.0,3.0,150.0,10.0,0.0,,"{""creditLessThan"":0.1,""displayDescriptionOnly"":""1"",""displayAngpaoText"":""1""}",FREE,0.0,,DAILY,,,,0.2915211013307543,1
https://luxeau777.com,LUXEAU777,447384,<b>Luxury Event Giveaway</b>,,18.0,18.0,250.0,10.0,0.0,,"{""displayDescriptionOnly"":""1"",""walletId"":1,""changeGameId"":1}",FREE,0.0,,WEEKLY,,,,1.6202193214695504,1
https://luxeau777.com,LUXEAU777,775516,<b>Download Luxeau777 APK</b>,,20.0,20.0,450.0,10.0,0.0,,"{""creditLessThan"":0.1,""displayDescriptionOnly"":""1"",""registerDate"":""2024-06-17"",""walletId"":1,""changeGameId"":1,""mobileAppOnly"":""1"",""displayAngpaoText"":""1""}",FREE,0.0,,DAILY,,,,0.8926396100823013,1
https://cashnet99.com,CASHNET,9874,Daily Free Credit,,3.0,3.0,50.0,30.0,0.0,,"{""displayAngpaoText"":""1"",""displayDescriptionOnly"":""1"",""creditLessThan"":0.1,""changeGameId"":1,""walletId"":1}",FREE,0.0,,DAILY,,,,1.648314296546503,1
https://cashnet99.com,CASHNET,10482,[App] Daily Free Credit,,5.0,5.0,100.0,30.0,0.0,,"{""mobileAppOnly"":""1"",""changeGameId"":1,""walletId"":1}",FREE,0.0,,DAILY,,,,1.353644485871592,1
https://cashnet99.com,CASHNET,262568,<b> Download App Gift FreeSpin<b>,,0.1,0.1,100.0,10.0,0.0,,"{""freeRoundAPI"":{""site"":""BNG2"",""params"":{""campaign"":""BNG free spin"",""total_rounds"":30,""game_id"":""496"",""bonus_type"":""FIXED_FREEBET"",""total_bet"":0.2,""round_bet"":0.2}},""displayDescriptionOnly"":""1"",""creditLessThan"":""0.01"",""displayAngpaoText"":""0"",""startDate"":""2026-03-23"",""walletId"":1,""changeGameId"":1,""mobileAppOnly"":""1""}",FREE,0.0,,,,,,0.0062027642201467,1
https://cashnet99.com,CASHNET,13386,<b>Hours Free Spin<b>,,0.1,0.1,50.0,30.0,0.0,,"{""freeRoundAPI"":{""site"":""BNG2"",""params"":{""campaign"":""BNG free spin"",""total_rounds"":5,""game_id"":""377"",""bonus_type"":""FIXED_FREEBET"",""total_bet"":0.2,""round_bet"":0.2}},""displayDescriptionOnly"":""1"",""creditLessThan"":""0.01"",""displayAngpaoText"":""0"",""walletId"":1,""changeGameId"":1,""fixRT"":1}",FREE,0.0,,HOURLY,,,,0.0211271652233614,1
https://cashnet99.com,CASHNET,266826,<b>APP Daily Free Spin<b>,,0.1,0.1,100.0,30.0,0.0,,"{""freeRoundAPI"":{""site"":""BNG2"",""params"":{""campaign"":""BNG free spin"",""total_rounds"":20,""game_id"":""377"",""bonus_type"":""FIXED_FREEBET"",""total_bet"":0.2,""round_bet"":0.2}},""displayDescriptionOnly"":""1"",""creditLessThan"":""0.01"",""displayAngpaoText"":""0"",""walletId"":1,""changeGameId"":1,""fixRT"":1,""mobileAppOnly"":""1""}",FREE,0.0,,DAILY,,,,0.0088828787503987,1
https://thepokies96.com,ThePokies96,0,VIP Weekly Rebate,REBATE,,0.11,,3000.0,,,,,,,,,,,7.383936723492344,1
https://pp99au.com,PP99,16504,PP99 REBATE BALANCE REDEMPTION,,5.0,5.0,288.88,50.0,0.0,,"{""customBonus"":""manual"",""maxWithdrawTimeAmount"":1,""fixRT"":1,""displayDescriptionOnly"":""1"",""showIfAmount"":1}",CUSTOM,0.0,,,,,,0.4115317540420936,1
https://pp99au.com,PP99,28753,APPS DAILY FREE,,30.0,30.0,600.0,20.0,0.0,,"{""creditLessThan"":1,""walletId"":1,""changeGameId"":1,""displayDescriptionOnly"":""1"",""displayAngpaoText"":""1"",""mobileAppOnly"":""1""}",FREE,0.0,,DAILY,,,,1.3482549626236184,1
https://play369.co,PLAY369,784768,<b>Daily Free $5,,5.0,5.0,150.0,15.0,0.0,,"{""creditLessThan"":0.1,""displayDescriptionOnly"":""1""}",FREE,0.0,,DAILY,,,,0.6583810534082891,1
https://hb88au.com,HB88 PayID Casino Australia,210427,<b>IOS & ANDROID APPS BONUS</b>,,18.0,18.0,388.0,18.0,0.0,,"{""creditLessThan"":1,""displayDescriptionOnly"":""1"",""mobileAppOnly"":""1"",""walletId"":1,""changeGameId"":1,""displayAngpaoText"":""0""}",FREE,0.0,,,,,,1.1485013436929892,1
https://spinup77.com,SPINUP77,151435,<b>Only Fan 【Limited】</b>,,10.0,10.0,199.0,10.0,0.0,,"{""maxRoundTargetAll"":1,""displayDescriptionOnly"":""1"",""creditLessThan"":0.1,""changeGameId"":1,""walletId"":1}",FREE,0.0,,DAILY,,,,0.9945015538788536,1
https://cashnet99.com,CASHNET,9874,Daily Free Credit,,3.0,3.0,50.0,30.0,0.0,,"{""displayAngpaoText"":""1"",""displayDescriptionOnly"":""1"",""creditLessThan"":0.1,""changeGameId"":1,""walletId"":1}",FREE,0.0,,DAILY,,,,1.648314296546503,1
https://cashnet99.com,CASHNET,10482,[App] Daily Free Credit,,5.0,5.0,100.0,30.0,0.0,,"{""mobileAppOnly"":""1"",""changeGameId"":1,""walletId"":1}",FREE,0.0,,DAILY,,,,1.353644485871592,1
https://cashnet99.com,CASHNET,262568,<b> Download App Gift FreeSpin<b>,,0.1,0.1,100.0,10.0,0.0,,"{""freeRoundAPI"":{""site"":""BNG2"",""params"":{""campaign"":""BNG free spin"",""total_rounds"":30,""game_id"":""496"",""bonus_type"":""FIXED_FREEBET"",""total_bet"":0.2,""round_bet"":0.2}},""displayDescriptionOnly"":""1"",""creditLessThan"":""0.01"",""displayAngpaoText"":""0"",""startDate"":""2026-03-23"",""walletId"":1,""changeGameId"":1,""mobileAppOnly"":""1""}",FREE,0.0,,,,,,0.0062027642201467,1
https://cashnet99.com,CASHNET,13386,<b>Hours Free Spin<b>,,0.1,0.1,50.0,30.0,0.0,,"{""freeRoundAPI"":{""site"":""BNG2"",""params"":{""campaign"":""BNG free spin"",""total_rounds"":5,""game_id"":""377"",""bonus_type"":""FIXED_FREEBET"",""total_bet"":0.2,""round_bet"":0.2}},""displayDescriptionOnly"":""1"",""creditLessThan"":""0.01"",""displayAngpaoText"":""0"",""walletId"":1,""changeGameId"":1,""fixRT"":1}",FREE,0.0,,HOURLY,,,,0.0211271652233614,1
https://cashnet99.com,CASHNET,266826,<b>APP Daily Free Spin<b>,,0.1,0.1,100.0,30.0,0.0,,"{""freeRoundAPI"":{""site"":""BNG2"",""params"":{""campaign"":""BNG free spin"",""total_rounds"":20,""game_id"":""377"",""bonus_type"":""FIXED_FREEBET"",""total_bet"":0.2,""round_bet"":0.2}},""displayDescriptionOnly"":""1"",""creditLessThan"":""0.01"",""displayAngpaoText"":""0"",""walletId"":1,""changeGameId"":1,""fixRT"":1,""mobileAppOnly"":""1""}",FREE,0.0,,DAILY,,,,0.0088828787503987,1
https://select777.net,SELECT777,179630,<b>SUNDAY</b>,,68.0,68.0,5520.0,14.88,0.0,,"{""creditLessThan"":0.1,""walletId"":1,""claimTime"":""N=7"",""displayDescriptionOnly"":""1""}",FREE,0.0,,DAILY,,,,0.2239259782050777,1
https://dns33.com,DNS33,126431,DOWNLINE GAIN & WITHDRAW AUD 30,,8.0,8.0,240.0,30.0,0.0,,"{""customBonus"":""sharebonus"",""creditLessThan"":0.5,""startDate"":""2023-11-21"",""displayDescriptionOnly"":""1"",""displayAngpaoText"":""1"",""walletId"":1,""changeGameId"":1}",CUSTOM,0.0,,DAILY,,,,0.8402879928088312,1
https://ozlotto88.com,OZLOTTO88,239919,Daily Free Chip,,4.0,4.0,400.0,20.0,0.0,,"{""creditLessThan"":0.1,""displayDescriptionOnly"":""1"",""mobileAppOnly"":""0""}",FREE,0.0,,DAILY,,,,0.1583142780738981,1
https://ispeed88au.com,ISPEED88,15444,<b>FREE 365 Days<b>,,88.0,88.0,288.0,15.0,0.0,,"{""creditLessThan"":0.1,""displayDescriptionOnly"":""1"",""mobileAppOnly"":""0"",""displayAngpaoText"":""0"",""walletId"":1,""changeGameId"":1}",FREE,0.0,,DAILY,,,,12.629885195615032,1
https://ispeed88au.com,ISPEED88,23517,<b>JOIN TELEGRAM<b>,,100.0,100.0,888.0,10.0,0.0,,"{""displayAngpaoText"":""0"",""displayDescriptionOnly"":""1"",""mobileAppOnly"":""0"",""creditLessThan"":0.1,""registerDate"":""2023-01-01"",""mustJoinTelegramChannel"":""ispeedchannel88"",""walletId"":1,""changeGameId"":1}",FREE,0.0,,,,,,3.161437519846701,1
https://world99aud.com,WORLD99,150794,<b>Only Fan【Limited】</b>,,10.0,10.0,199.0,10.0,0.0,,"{""maxRoundTargetAll"":1,""displayDescriptionOnly"":""1"",""creditLessThan"":0.1,""changeGameId"":1,""walletId"":1}",FREE,0.0,,DAILY,,,,0.9945015538788536,1
https://world99aud.com,WORLD99,146386,<b>Download App Bonus</b>,,20.0,20.0,499.0,10.0,0.0,,"{""creditLessThan"":0.1,""displayDescriptionOnly"":""1"",""displayAngpaoText"":""1"",""mobileAppOnly"":""1"",""ignoreTrxAmount"":1,""changeGameId"":1,""walletId"":1}",FREE,0.0,,DAILY,,,,0.7844515302831455,1
https://play77au.com,PLAY77,16068,DAILY CHECK IN : DAY 7,,5.0,5.0,100.0,10.0,0.0,,"{""claimTime"":""N=7"",""creditLessThan"":0.1,""maxRoundTargetAll"":500,""displayAngpaoText"":""0"",""walletId"":1,""changeGameId"":1,""displayDescriptionOnly"":""1""}",FREE,0.0,,DAILY,,,,0.9452270845626882,1
https://skyspin96.co,SKYSPIN96,19878,SHARE BONUS,,75.0,75.0,37500.0,10.0,0.0,,"{""walletId"":1,""changeGameId"":1,""customBonus"":""sharebonus"",""creditLessThan"":1,""displayDescriptionOnly"":""1""}",CUSTOM,0.0,,,,,,0.0201354821456358,1
https://skyspin96.co,SKYSPIN96,20067,CHECK-IN SUNDAY,,28.0,28.0,600.0,15.0,0.0,,"{""walletId"":1,""changeGameId"":1,""maxWithdrawTimeDeposit"":1,""creditLessThan"":1,""displayDescriptionOnly"":""1"",""claimTime"":""N=7""}",FREE,0.0,,DAILY,,,,1.1213525228248111,1
https://trust88au.com,ITRUST88,165605,<B>Daily Free Credit,,20.0,20.0,300.0,15.0,0.0,,"{""creditLessThan"":0.1,""displayDescriptionOnly"":""1"",""changeGameId"":1,""walletId"":1}",FREE,0.0,,DAILY,,,,1.713347554490281,1
https://trust88au.com,ITRUST88,833316,<b>Hourly Free Credit,,5.0,5.0,50.0,10.0,0.0,,"{""creditLessThan"":0.1,""displayDescriptionOnly"":""1"",""changeGameId"":1,""walletId"":1}",FREE,0.0,,HOURLY,,,,2.248141548510455,1
https://topaz33.com,TOPAZ33,142233,<b>FREE 365</b>,,5.0,5.0,200.0,20.0,0.0,,"{""creditLessThan"":0.1,""displayDescriptionOnly"":""1"",""walletId"":1,""changeGameid"":1}",FREE,0.0,,DAILY,,,,0.5045888277145305,1
https://topaz33.com,TOPAZ33,836390,<b>⭐DAILY HOUR FREE,,3.0,3.0,50.0,10.0,0.0,,"{""creditLessThan"":0.1,""walletId"":1,""changeGameId"":1,""displayAngpaoText"":""1"",""displayDescriptionOnly"":""1""}",FREE,0.0,,HOURLY,,,,1.1509900370660882,1
https://ispeed88au.com,ISPEED88,15444,<b>FREE 365 Days<b>,,88.0,88.0,288.0,15.0,0.0,,"{""creditLessThan"":0.1,""displayDescriptionOnly"":""1"",""mobileAppOnly"":""0"",""displayAngpaoText"":""0"",""walletId"":1,""changeGameId"":1}",FREE,0.0,,DAILY,,,,12.629885195615032,1
https://ispeed88au.com,ISPEED88,23517,<b>JOIN TELEGRAM<b>,,100.0,100.0,888.0,10.0,0.0,,"{""displayAngpaoText"":""0"",""displayDescriptionOnly"":""1"",""mobileAppOnly"":""0"",""creditLessThan"":0.1,""registerDate"":""2023-01-01"",""mustJoinTelegramChannel"":""ispeedchannel88"",""walletId"":1,""changeGameId"":1}",FREE,0.0,,,,,,3.161437519846701,1
https://pokiesbillion.com,POKIESBILLION,241382,<b>Download PokiesBillion APK</b>,,20.0,20.0,450.0,10.0,0.0,,"{""creditLessThan"":0.1,""displayDescriptionOnly"":""1"",""registerDate"":""2024-06-17"",""walletId"":1,""changeGameId"":1,""mobileAppOnly"":""1"",""displayAngpaoText"":""1""}",FREE,0.0,,DAILY,,,,0.8926396100823013,1
https://pokiesbillion.com,POKIESBILLION,786911,<b>✅Hourly Free,,3.0,3.0,100.0,3.0,0.0,,"{""creditLessThan"":0.1,""walletId"":1,""changeGameld"":1,""displayAngpaoText"":""1"",""displayDescriptionOnly"":""1""}",FREE,0.0,,HOURLY,,,,0.2797752645108979,1
https://pokiesbillion.com,POKIESBILLION,802814,<b>Restore Maintenance Bonus</b>,,8.0,8.0,450.0,10.0,0.0,,"{""displayDescriptionOnly"":""1"",""walletId"":1,""changeGameId"":1}",FREE,0.0,,,,,,0.2674287575537815,1
https://pokiesbillion.com,POKIESBILLION,236699,<b>Free All Slot 365Days,,3.0,3.0,150.0,10.0,0.0,,"{""creditLessThan"":0.1,""displayDescriptionOnly"":""1"",""displayAngpaoText"":""1""}",FREE,0.0,,DAILY,,,,0.2915211013307543,1
https://pokiesbillion.com,POKIESBILLION,838022,<b>▶️Billion Appreciate 1</b>,,38.0,38.0,500.0,10.0,0.0,,"{""creditLessThan"":0.1,""displayDescriptionOnly"":""1"",""walletId"":1,""changeGameId"":1,""displayAngpaoText"":""1""}",FREE,0.0,,WEEKLY,,,,1.8197314677822884,1
https://crown155au.com,Original Crownzo Online Casino Australia,830523,<b> Rebrand Bonus</b>,,58.0,58.0,870.0,20.0,0.0,,"{""creditLessThan"":1,""displayDescriptionOnly"":""1"",""walletId"":1,""changeGameId"":1,""displayAngpaoText"":""0""}",FREE,0.0,,,,,,2.0148975164535674,1
https://luxeau777.com,LUXEAU777,230235,<b>Free Slot 365Days,,3.0,3.0,150.0,10.0,0.0,,"{""creditLessThan"":0.1,""displayDescriptionOnly"":""1"",""displayAngpaoText"":""1""}",FREE,0.0,,DAILY,,,,0.2915211013307543,1
https://luxeau777.com,LUXEAU777,447384,<b>Luxury Event Giveaway</b>,,18.0,18.0,250.0,10.0,0.0,,"{""displayDescriptionOnly"":""1"",""walletId"":1,""changeGameId"":1}",FREE,0.0,,WEEKLY,,,,1.6202193214695504,1
https://luxeau777.com,LUXEAU777,775516,<b>Download Luxeau777 APK</b>,,20.0,20.0,450.0,10.0,0.0,,"{""creditLessThan"":0.1,""displayDescriptionOnly"":""1"",""registerDate"":""2024-06-17"",""walletId"":1,""changeGameId"":1,""mobileAppOnly"":""1"",""displayAngpaoText"":""1""}",FREE,0.0,,DAILY,,,,0.8926396100823013,1
https://trust88au.com,ITRUST88,165605,<B>Daily Free Credit,,20.0,20.0,300.0,15.0,0.0,,"{""creditLessThan"":0.1,""displayDescriptionOnly"":""1"",""changeGameId"":1,""walletId"":1}",FREE,0.0,,DAILY,,,,1.713347554490281,1
https://trust88au.com,ITRUST88,833316,<b>Hourly Free Credit,,5.0,5.0,50.0,10.0,0.0,,"{""creditLessThan"":0.1,""displayDescriptionOnly"":""1"",""changeGameId"":1,""walletId"":1}",FREE,0.0,,HOURLY,,,,2.248141548510455,1
https://vip77.club,VIP77,6217,⭐ VIP77 ⭐ DOWNLINE CONTRIBUTION $30 GET,,10.0,10.0,200.0,20.0,0.0,,"{""customBonus"":""downlinedeposit"",""creditLessThan"":0.5,""startDate"":""2023-11-21"",""displayDescriptionOnly"":""1"",""walletId"":1,""changeGameId"":1}",CUSTOM,0.0,,DAILY,30.0,,,1.254796459217384,1
https://live77bet.com,LiveBet,451639,Hourly Check In Free,,3.0,3.0,300.0,20.0,0.0,,"{""creditLessThan"":0.1,""mobileAppOnly"":""1"",""walletId"":1,""changeGameId"":1}",FREE,0.0,,HOURLY,,,,0.1556221707745388,1
https://rtpvictory88.com,RTPVICTORY88,825902,<b>WELCOME BACK FREE<b>,,100.0,100.0,300.0,20.0,0.0,,"{""creditLessThan"":0.1,""displayDescriptionOnly"":""1"",""registerBeforeDate"":""2026-05-25"",""changeGameId"":1,""walletId"":1}",FREE,0.0,,,,,,15.584332644933966,1
https://rtpvictory88.com,RTPVICTORY88,212060,<b>DAILY FREE CREDIT<b>,,10.0,10.0,100.0,15.0,0.0,,"{""creditLessThan"":0.1,""walletId"":1,""changeGameId"":1,""displayDescriptionOnly"":""1""}",FREE,0.0,,DAILY,,,,2.717859814853726,1
https://rtpvictory88.com,RTPVICTORY88,221847,<b>HOURLY FREE CREDIT,,3.0,3.0,50.0,10.0,0.0,,"{""creditLessThan"":0.1,""walletId"":1,""changeGameId"":1,""displayDescriptionOnly"":""1""}",FREE,0.0,,HOURLY,,,,1.1509900370660882,1
https://rtpvictory88.com,RTPVICTORY88,245109,<B>Download Apps Free,,50.0,50.0,500.0,15.0,0.0,,"{""creditLessThan"":0.1,""displayDescriptionOnly"":""1"",""walletId"":1,""changeGameId"":1,""displayAngpaoText"":""1"",""mobileAppOnly"":""1""}",FREE,0.0,,,,,,3.0175551213073413,1
https://world99aud.com,WORLD99,150794,<b>Only Fan【Limited】</b>,,10.0,10.0,199.0,10.0,0.0,,"{""maxRoundTargetAll"":1,""displayDescriptionOnly"":""1"",""creditLessThan"":0.1,""changeGameId"":1,""walletId"":1}",FREE,0.0,,DAILY,,,,0.9945015538788536,1
https://world99aud.com,WORLD99,146386,<b>Download App Bonus</b>,,20.0,20.0,499.0,10.0,0.0,,"{""creditLessThan"":0.1,""displayDescriptionOnly"":""1"",""displayAngpaoText"":""1"",""mobileAppOnly"":""1"",""ignoreTrxAmount"":1,""changeGameId"":1,""walletId"":1}",FREE,0.0,,DAILY,,,,0.7844515302831455,1
https://play77au.com,PLAY77,16068,DAILY CHECK IN : DAY 7,,5.0,5.0,100.0,10.0,0.0,,"{""claimTime"":""N=7"",""creditLessThan"":0.1,""maxRoundTargetAll"":500,""displayAngpaoText"":""0"",""walletId"":1,""changeGameId"":1,""displayDescriptionOnly"":""1""}",FREE,0.0,,DAILY,,,,0.9452270845626882,1
https://skyspin96.co,SKYSPIN96,19878,SHARE BONUS,,75.0,75.0,37500.0,10.0,0.0,,"{""walletId"":1,""changeGameId"":1,""customBonus"":""sharebonus"",""creditLessThan"":1,""displayDescriptionOnly"":""1""}",CUSTOM,0.0,,,,,,0.0201354821456358,1
https://hollywoodaus.com,HOLLYWOOD,749961,<b>VIP Free 38</b>,,38.0,38.0,1080.0,15.0,0.0,,"{""creditLessThan"":0.1,""changeGameid"":1,""displayDescriptionOnly"":""0"",""changeGameId"":1,""walletId"":1}",FREE,0.0,,DAILY,,,,0.803517532020747,1
https://hollywoodaus.com,HOLLYWOOD,137505,<b>FREE 365</b>,,2.0,2.0,100.0,20.0,0.0,,"{""creditLessThan"":0.1,""displayDescriptionOnly"":""1""}",FREE,0.0,,DAILY,,,,0.3618791519681535,1
https://hollywoodaus.com,HOLLYWOOD,464725,"<b style=""color:gold;"">Download APK</b>",,20.0,20.0,400.0,10.0,0.0,,"{""creditLessThan"":0.1,""displayDescriptionOnly"":""1"",""registerDate"":""2024-04-22"",""changeGameid"":1,""mobileAppOnly"":""1"",""displayAngpaoText"":""1"",""changeGameId"":1,""walletId"":1}",FREE,0.0,,DAILY,,,,1.0342292288611417,1
https://southern9.com,SOUTHERN9,262040,APP DOWNLOAD BONUS,,15.0,15.0,750.0,20.0,0.0,,"{""creditLessThan"":1,""walletId"":1,""changeGameId"":1,""displayDescriptionOnly"":""1"",""displayAngpaoText"":""0"",""mobileAppOnly"":""1""}",FREE,0.0,,DAILY,,,,0.4099127212306195,1
https://southern9.com,SOUTHERN9,21644,DOWNLINE REGISTER GET,,2.0,2.0,40.0,10.0,0.0,,"{""customBonus"":""sharebonus"",""creditLessThan"":0.01,""startDate"":""2025-01-20"",""displayAngpaoText"":""1"",""displayDescriptionOnly"":""1"",""fixRT"":1}",CUSTOM,0.0,,,,,,0.8959826648794043,1
https://boyabet9.com,BoyaBet9,463774,<B>SPECIAL DAILY FREE<B>,,6.99,6.99,270.0,20.0,0.0,,"{""creditLessThan"":0.1,""displayDescriptionOnly"":""1"",""mobileAppOnly"":""0"",""walletId"":1,""changeGameId"":1}",FREE,0.0,,DAILY,,,,0.5384618213435755,1
https://goldencrown96.com,IPAY7,200115,"<b style=""color:gold"">FREE CREDIT 365DAY </b>",,2.0,2.0,200.0,20.0,0.0,,"{""walletId"":1,""changeGameId"":1,""displayDescriptionOnly"":""1""}",FREE,0.0,,DAILY,,,,0.1521514408225372,1
https://on88aud.io,On88aud,474099,Daily Free Credit $99,,99.0,99.0,4000.0,20.0,0.0,,"{""displayAngpaoText"":""1"",""displayDescriptionOnly"":""1"",""walletId"":1,""changeGameId"":1,""creditLessThan"":0.1}",FREE,0.0,,DAILY,,,,0.6036577182586934,1
