url,mname,name,amount,minwithdraw,maxwithdraw,rollover,ratio,claimconfig,claimcondition,bonus,bonusrandom,reset,mintopup,maxtopup,referlink,perceived_value,is_new
https://umi999.com,UMI999,APP BONUS,18.0,68.0,20.0,0.0,3.7777777777777777,"{""walletId"":1,""changeGameId"":1,""creditLessThan"":0.01,""fixRT"":1,""displayDescriptionOnly"":""1"",""mobileAppOnly"":""1""}",FREE,0.0,,,,,,10.472530755252263,1
https://umi999.com,UMI999,APP BONUS,18.0,68.0,20.0,0.0,3.7777777777777777,"{""walletId"":1,""changeGameId"":1,""creditLessThan"":0.01,""fixRT"":1,""displayDescriptionOnly"":""1"",""mobileAppOnly"":""1""}",FREE,0.0,,,,,,10.472530755252263,1
https://glorya77.com,GLORYA77,<b>APP Bonus Free<b>,18.0,68.0,20.0,0.0,3.7777777777777777,"{""walletId"":1,""changeGameId"":1,""creditLessThan"":0.01,""fixRT"":1,""displayDescriptionOnly"":""1""}",FREE,0.0,,,,,,10.472530755252263,1
https://unitedau.com,UnitedAu,<b>Download App Bonus</b>,20.0,500.0,5.0,0.0,25.0,"{""creditLessThan"":0.5,""displayDescriptionOnly"":""1"",""walletId"":1,""changeGameId"":1,""mobileAppOnly"":""1""}",FREE,0.0,,DAILY,,,,0.5846942029551774,1
https://unitedau.com,UnitedAu,<B>FREE 365</b>,5.0,100.0,0.05,0.0,20.0,"{""creditLessThan"":0.1,""displayDescriptionOnly"":""1"",""displayAngpaoText"":""1""}",FREE,0.0,,DAILY,,,,0.0192326100127747,1
https://unitedau.com,UnitedAu,<b>✅ DAILY HOURLY FREE,3.0,50.0,10.0,0.0,16.666666666666668,"{""creditLessThan"":0.1,""displayDescriptionOnly"":""1"",""walletId"":1,""changeGameId"":1,""displayAngpaoText"":""1""}",FREE,0.0,,HOURLY,,,,1.1509900370660882,1
https://unitedau.com,UnitedAu,<b>REFRESHING FREE</b>,88.0,600.0,15.0,0.0,6.818181818181818,"{""creditLessThan"":0.1,""displayDescriptionOnly"":""1"",""walletId"":1,""changeGameId"":1,""displayAngpaoText"":""1""}",FREE,0.0,,WEEKLY,,,,5.0460430296218215,1
https://unitedau.com,UnitedAu,<b>SHARE BONUS</b>,30.0,600.0,30.0,0.0,20.0,"{""customBonus"":""sharebonus"",""creditLessThan"":0.1,""startDate"":""2024-05-05"",""displayDescriptionOnly"":""1"",""displayAngpaoText"":""1"",""walletId"":1,""changeGameId"":1}",CUSTOM,0.0,,,,,,1.5207279252292714,1
https://audwin9.com,AUDWIN9,VIP Daily Free Credit $19.99,19.99,139.0,9.0,0.0,6.953476738369186,"{""creditLessThan"":0.5,""displayDescriptionOnly"":""1"",""offUsernames"":[""195295275"",""185529750""],""displayAngpaoText"":""0"",""changeGameId"":1,""walletId"":1}",FREE,0.0,,DAILY,,,,3.719829734402207,1
https://audwin9.com,AUDWIN9,SHARE 1 MEMBER GET AUD 9,9.0,27.0,9.0,0.0,3.0,"{""customBonus"":""sharebonus"",""creditLessThan"":0.1,""startDate"":""2024-06-28"",""mobileAppOnly"":""0"",""displayDescriptionOnly"":""1"",""walletId"":1,""changeGameId"":1,""maxCount"":1}",CUSTOM,0.0,,,,,,10.09647804665611,1
https://topaz33.com,TOPAZ33,<b>FREE 365</b>,5.0,200.0,20.0,0.0,40.0,"{""creditLessThan"":0.1,""displayDescriptionOnly"":""1"",""walletId"":1,""changeGameid"":1}",FREE,0.0,,DAILY,,,,0.5045888277145305,1
https://topaz33.com,TOPAZ33,<b>⭐DAILY HOUR FREE,3.0,50.0,10.0,0.0,16.666666666666668,"{""creditLessThan"":0.1,""walletId"":1,""changeGameId"":1,""displayAngpaoText"":""1"",""displayDescriptionOnly"":""1""}",FREE,0.0,,HOURLY,,,,1.1509900370660882,1
https://vvip15au.com,VVIP15 Australia Online Casino,<b>DOWNLOAD APPS BONUS</b>,15.55,311.0,20.0,0.0,20.0,"{""creditLessThan"":1,""displayDescriptionOnly"":""1"",""mobileAppOnly"":""1"",""walletId"":1,""changeGameId"":1,""displayAngpaoText"":""0""}",FREE,0.0,,,,,,1.2916435191820996,1
https://ijoker88au.com,IJOKER88,<b>JOIN TELEGRAM<b>,100.0,1000.0,10.0,0.0,10.0,"{""displayAngpaoText"":""0"",""displayDescriptionOnly"":""1"",""mobileAppOnly"":""0"",""creditLessThan"":0.1,""registerDate"":""2023-01-01"",""mustJoinTelegramChannel"":""iJokerchannel88"",""changeGameId"":1,""walletId"":1}",FREE,0.0,,,,,,2.725215249163835,1
https://ijoker88au.com,IJOKER88,<b>DAILY FREE CREDIT<b>,88.0,288.0,15.0,0.0,3.272727272727273,"{""creditLessThan"":0.1,""displayDescriptionOnly"":""1"",""mobileAppOnly"":""0"",""displayAngpaoText"":""0"",""changeGameId"":1,""walletId"":1}",FREE,0.0,,DAILY,,,,12.629885195615032,1
https://ijoker88au.com,IJOKER88,<b>FREE SHARE EVENT<b>,1.0,0.0,288.0,0.0,0.0,"{""customBonus"":""sharebonus"",""creditLessThan"":1,""startDate"":""2024-09-10"",""displayDescriptionOnly"":""1"",""mobileAppOnly"":""0"",""changeGameId"":1,""walletId"":1}",CUSTOM,0.0,,,,,,86.67105251051989,1
https://tab9au.com,TAB9AU,<b>TAB9AU LUCKY #R</b>,777.0,7777.0,10.0,0.0,10.00900900900901,"{""creditLessThan"":0.1,""displayAngpaoText"":""1"",""displayDescriptionOnly"":""1"",""walletId"":1,""changeGameId"":1}",FREE,0.0,,DAILY,,,,3.066739001598801,1
https://cr33au.com,CR33,"<b style=""color:#;"">Daily Free Points</b>",3200.0,64000.0,15.0,0.0,20.0,"{""creditLessThan"":1,""mobileAppOnly"":""0"",""walletId"":1,""changeGameId"":1}",FREE,0.0,,DAILY,,,,1.6087605116993464,1
https://rtpvictory88.com,RTPVICTORY88,<b>WELCOME BACK FREE<b>,100.0,300.0,20.0,0.0,3.0,"{""creditLessThan"":0.1,""displayDescriptionOnly"":""1"",""registerBeforeDate"":""2026-05-25"",""changeGameId"":1,""walletId"":1}",FREE,0.0,,,,,,15.584332644933966,1
https://rtpvictory88.com,RTPVICTORY88,<b>DAILY FREE CREDIT<b>,10.0,100.0,15.0,0.0,10.0,"{""creditLessThan"":0.1,""walletId"":1,""changeGameId"":1,""displayDescriptionOnly"":""1""}",FREE,0.0,,DAILY,,,,2.717859814853726,1
https://rtpvictory88.com,RTPVICTORY88,<b>HOURLY FREE CREDIT,3.0,50.0,10.0,0.0,16.666666666666668,"{""creditLessThan"":0.1,""walletId"":1,""changeGameId"":1,""displayDescriptionOnly"":""1""}",FREE,0.0,,HOURLY,,,,1.1509900370660882,1
https://rtpvictory88.com,RTPVICTORY88,<B>Download Apps Free,50.0,500.0,15.0,0.0,10.0,"{""creditLessThan"":0.1,""displayDescriptionOnly"":""1"",""walletId"":1,""changeGameId"":1,""displayAngpaoText"":""1"",""mobileAppOnly"":""1""}",FREE,0.0,,,,,,3.0175551213073413,1
https://weplay88.com,WePlay88,"<b style=""color:gold;"">⭐Ultimate Rewards Event</b>",888.0,4440.0,30.0,0.0,5.0,"{""creditLessThan"":0.1,""startDate"":""2025-10-29"",""displayDescriptionOnly"":""1"",""displayAngpaoText"":""0"",""changeGameId"":1,""walletId"":1}",FREE,0.0,,MONTHLY,,,,10.53410957239426,1
https://candymommy.co,CANDYMOMMY,"<b style=""color:black;"">NEW REGISTER FREE</b>",200.0,4000.0,20.0,0.0,20.0,"{""creditLessThan"":0.1,""displayDescriptionOnly"":""1"",""registerDate"":""2022-05-06"",""walletId"":1,""changeGameId"":1}",FREE,0.0,,,,,,1.5168728522373116,1
https://candymommy.co,CANDYMOMMY,"<b style=""color:black;"">HOURLY BONUS</b>",15.0,200.0,5.0,0.0,13.333333333333334,"{""displayDescriptionOnly"":""1"",""displayAngpaoText"":""1"",""walletId"":1,""changeGameId"":1,""creditLessThan"":0.1,""resetHour"":2}",FREE,0.0,,HOURLY,,,,1.2588993529486476,1
https://world99aud.com,WORLD99,<b>Only Fan【Limited】</b>,10.0,199.0,10.0,0.0,19.9,"{""maxRoundTargetAll"":1,""displayDescriptionOnly"":""1"",""creditLessThan"":0.1,""changeGameId"":1,""walletId"":1}",FREE,0.0,,DAILY,,,,0.9945015538788536,1
https://world99aud.com,WORLD99,<b>Download App Bonus</b>,20.0,499.0,10.0,0.0,24.95,"{""creditLessThan"":0.1,""displayDescriptionOnly"":""1"",""displayAngpaoText"":""1"",""mobileAppOnly"":""1"",""ignoreTrxAmount"":1,""changeGameId"":1,""walletId"":1}",FREE,0.0,,DAILY,,,,0.7844515302831455,1
https://mrpokies77.com,MR.POKIES77,<b>FREE 365</b>,5.0,100.0,0.05,0.0,20.0,"{""creditLessThan"":0.1,""displayDescriptionOnly"":""1"",""displayAngpaoText"":""1""}",FREE,0.0,,DAILY,,,,0.0192326100127747,1
https://mrpokies77.com,MR.POKIES77,<b>Download Apps Daily</b>,20.0,500.0,5.0,0.0,25.0,"{""creditLessThan"":0.1,""displayDescriptionOnly"":""1"",""registerDate"":""2024-06-17"",""walletId"":1,""changeGameld"":1,""mobileAppOnly"":""1"",""displayAngpaoText"":""1""}",FREE,0.0,,DAILY,,,,0.5846942029551774,1
https://mrpokies77.com,MR.POKIES77,<b>▶️REFRESHING FREE</b>,88.0,600.0,15.0,0.0,6.818181818181818,"{""creditLessThan"":0.1,""displayDescriptionOnly"":""1"",""walletId"":1,""changeGameId"":1,""displayAngpaoText"":""1""}",FREE,0.0,,WEEKLY,,,,5.0460430296218215,1
https://we1winau.com,We1winAU,<b>Daily Free Credit<b>,5.0,50.0,0.05,0.0,10.0,"{""displayDescriptionOnly"":""1"",""displayAngpaoText"":""1"",""creditLessThan"":0.1,""walletId"":1,""changeGameId"":1}",FREE,0.0,,DAILY,,,,0.0457431133345286,1
https://we1winau.com,We1winAU,<b>We1winAU Download APP Free<b>,20.0,200.0,10.0,0.0,10.0,"{""mobileAppOnly"":""1"",""displayAngpaoText"":""1"",""displayDescriptionOnly"":""1"",""creditLessThan"":0.1,""walletId"":1,""changeGameId"":1}",FREE,0.0,,,,,,2.4598255150108943,1
https://harbour33.com,HARBOUR33,<b>⭐Harbour33 Mega Event </b>,88.0,1000.0,15.0,0.0,11.363636363636363,"{""creditLessThan"":0.1,""walletId"":1,""changeGameId"":1,""displayDescriptionOnly"":""1"",""registerBeforeDate"":""2026-04-30"",""displayAngpaoText"":""1""}",FREE,0.0,,,,,,2.6646490168407952,1
https://harbour33.com,HARBOUR33,<b>⭐DAILY HOUR FREE,4.0,50.0,10.0,0.0,12.5,"{""creditLessThan"":0.1,""walletId"":1,""changeGameId"":1,""displayAngpaoText"":""1"",""displayDescriptionOnly"":""1""}",FREE,0.0,,HOURLY,,,,1.6776200232700398,1
https://win99aud.com,WIN99AUD,<b>Apps Angpao $5</b>,5.0,200.0,20.0,0.0,40.0,"{""displayDescriptionOnly"":""1"",""displayAngpaoText"":""1"",""mobileAppOnly"":""1"",""walletId"":1,""changeGameId"":1}",FREE,0.0,,,,,,0.5045888277145305,1
https://win99aud.com,WIN99AUD,<b>FREE 365 DAY</b>,20.0,600.0,15.0,0.0,30.0,"{""creditLessThan"":0.1,""displayDescriptionOnly"":""1"",""displayAngpaoText"":""1"",""changeGameId"":1,""walletId"":1}",FREE,0.0,,DAILY,,,,0.7203739083272979,1
https://win99aud.com,WIN99AUD,<b>Telegram Free $100<b>,100.0,1000.0,15.0,0.0,10.0,"{""displayAngpaoText"":""0"",""displayDescriptionOnly"":""1"",""creditLessThan"":0.1,""registerDate"":""2024-01-01"",""mobileAppOnly"":""0"",""mustJoinTelegramChannel"":""Aus55Channel"",""changeGameId"":1,""walletId"":1}",FREE,0.0,,,,,,3.151055490713614,1
https://play77au.com,PLAY77,DAILY CHECK IN : DAY 7,5.0,100.0,10.0,0.0,20.0,"{""claimTime"":""N=7"",""creditLessThan"":0.1,""maxRoundTargetAll"":500,""displayAngpaoText"":""0"",""walletId"":1,""changeGameId"":1,""displayDescriptionOnly"":""1""}",FREE,0.0,,DAILY,,,,0.9452270845626882,1
https://play99au.com,Play99 Aus Online Pokies,<b>IOS & ANDROID APPS BONUS</b>,18.0,388.0,18.0,0.0,21.555555555555557,"{""creditLessThan"":1,""displayDescriptionOnly"":""1"",""mobileAppOnly"":""1"",""walletId"":1,""changeGameId"":1,""displayAngpaoText"":""0""}",FREE,0.0,,,,,,1.1485013436929892,1
https://vv88aud.io,VV88 AUS,WELCOME BACK FREEBIES,100.0,2000.0,20.0,0.0,20.0,"{""displayAngpaoText"":""0"",""walletId"":1,""changeGameId"":1,""displayDescriptionOnly"":""1""}",FREE,0.0,,MONTHLY,,,,1.4547966200963671,1
https://safeau.net,SafeAu,<b>Welcome Back</b>,168.0,3000.0,15.0,0.0,17.857142857142858,"{""creditLessThan"":0.01,""walletId"":1,""changeGameId"":1,""displayDescriptionOnly"":""1"",""displayAngpaoText"":""0""}",FREE,0.0,,,,,,1.5752023724444957,1
https://safeau.net,SafeAu,<b>Telegram Free Premium</b>,66.0,3000.0,66.0,0.0,45.45454545454545,"{""walletId"":1,""changeGameId"":1,""displayAngpaoText"":""0"",""displayDescriptionOnly"":""1"",""creditLessThan"":0.1,""registerDate"":""2022-01-01"",""mustJoinTelegramChannel"":""SafeAuChannel""}",FREE,0.0,,,,,,0.7016785189575544,1
https://spinup77.com,SPINUP77,<b>Only Fan 【Limited】</b>,10.0,199.0,10.0,0.0,19.9,"{""maxRoundTargetAll"":1,""displayDescriptionOnly"":""1"",""creditLessThan"":0.1,""changeGameId"":1,""walletId"":1}",FREE,0.0,,DAILY,,,,0.9945015538788536,1
https://spinup77.com,SPINUP77,<b>Daily Free</b>,27.0,577.0,10.0,0.0,21.37037037037037,"{""creditLessThan"":0.1,""displayDescriptionOnly"":""1"",""ignoreTrxAmount"":1,""changeGameId"":1,""walletId"":1}",FREE,0.0,,DAILY,,,,0.9708184036084224,1
https://spinup77.com,SPINUP77,<b>Download App Bonus</b>,27.0,577.0,10.0,0.0,21.37037037037037,"{""creditLessThan"":0.1,""displayDescriptionOnly"":""1"",""displayAngpaoText"":""1"",""mobileAppOnly"":""1"",""ignoreTrxAmount"":1,""changeGameId"":1,""walletId"":1}",FREE,0.0,,DAILY,,,,0.9708184036084224,1
https://umi999.com,UMI999,APP BONUS,18.0,68.0,20.0,0.0,3.7777777777777777,"{""walletId"":1,""changeGameId"":1,""creditLessThan"":0.01,""fixRT"":1,""displayDescriptionOnly"":""1"",""mobileAppOnly"":""1""}",FREE,0.0,,,,,,10.472530755252263,1
https://inskingdom8.com,INSKINGDOM8,<b>Welcome Back Free,100.0,300.0,20.0,0.0,3.0,"{""creditLessThan"":0.1,""displayDescriptionOnly"":""1"",""registerBeforeDate"":""2026-03-01"",""changeGameId"":1,""walletId"":1}",FREE,0.0,,,,,,15.584332644933966,1
https://inskingdom8.com,INSKINGDOM8,<b>Daily Free Credit,10.0,150.0,15.0,0.0,15.0,"{""creditLessThan"":0.1,""displayDescriptionOnly"":""1"",""walletId"":1,""changeGameId"":1}",FREE,0.0,,DAILY,,,,1.637242382821673,1
https://inskingdom8.com,INSKINGDOM8,<B>Download Apps Free,50.0,500.0,10.0,0.0,10.0,"{""creditLessThan"":0.1,""displayDescriptionOnly"":""1"",""walletId"":1,""changeGameId"":1,""displayAngpaoText"":""1"",""mobileAppOnly"":""1""}",FREE,0.0,,,,,,2.60975639940788,1
https://royalaud.com,ROYAL77,<b>⭐Hourly Reward,5.0,100.0,10.0,0.0,20.0,"{""creditLessThan"":0.1,""displayAngpaoText"":""1"",""displayDescriptionOnly"":""1"",""changeGameId"":1,""walletId"":1}",FREE,0.0,,HOURLY,,,,0.9452270845626882,1
https://royalaud.com,ROYAL77,<b>Daily Ultra Free</b>,30.0,600.0,10.0,0.0,20.0,"{""creditLessThan"":0.1,""walletId"":1,""changeGameId"":1,""displayDescriptionOnly"":""1""}",FREE,0.0,,DAILY,,,,1.0618986286136922,1
https://royalaud.com,ROYAL77,<b>Subscribe Bonus</b>,30.0,200.0,10.0,0.0,6.666666666666667,"{""displayAngpaoText"":""0"",""displayDescriptionOnly"":""1"",""creditLessThan"":0.1,""mustJoinTelegramChannel"":""COMPANYSPEEDAU"",""walletId"":1,""changeGameId"":1}",FREE,0.0,,,,,,4.192611568525111,1
https://gold77au.com,GOLD77,"<b style=""color:#;"">Daily Free Chip</b>",777.0,7770.0,10.0,0.0,10.0,"{""startDate"":""2023-11-15"",""creditLessThan"":0.05,""displayDescriptionOnly"":""1"",""walletId"":1,""changeGameId"":1}",FREE,0.0,,DAILY,,,,3.070192925334543,1
https://ubet96.com,Ubet AUS,APP BONUS,10.0,289.0,19.0,0.0,28.9,"{""creditLessThan"":0.1,""mobileAppOnly"":""1"",""displayAngpaoText"":""0""}",FREE,0.0,,,,,,0.7793316153788195,1
https://ubet96.com,Ubet AUS,1 Share Free $6,6.0,108.0,20.0,0.0,18.0,"{""customBonus"":""sharebonus"",""creditLessThan"":0.1,""startDate"":""2024-01-10"",""displayAngpaoText"":""0"",""mobileAppOnly"":""1"",""maxCount"":3}",CUSTOM,0.0,,,,,,1.3849206226456785,1
https://umi999.com,UMI999,APP BONUS,18.0,68.0,20.0,0.0,3.7777777777777777,"{""walletId"":1,""changeGameId"":1,""creditLessThan"":0.01,""fixRT"":1,""displayDescriptionOnly"":""1"",""mobileAppOnly"":""1""}",FREE,0.0,,,,,,10.472530755252263,1
https://aud365.co,AUDBET365,<b>Ultra Daily FREE</b> #R,888.0,8888.0,10.0,0.0,10.00900900900901,"{""creditLessThan"":0.1,""startDate"":""2024-12-21"",""displayDescriptionOnly"":""1"",""walletId"":1,""changeGameId"":1,""mobileAppOnly"":""1""}",FREE,0.0,,DAILY,,,,3.0892497883969123,1
https://wildspin24.com,Wildspin24,All Member Free,88.0,888.0,20.0,0.0,10.090909090909092,"{""creditLessThan"":0.1,""displayDescriptionOnly"":""1"",""changeGameId"":1,""walletId"":1}",FREE,0.0,,,,,,3.3943571169483695,1
https://wildspin24.com,Wildspin24,Daily Free Credit,10.0,150.0,15.0,0.0,15.0,"{""creditLessThan"":0.1,""displayDescriptionOnly"":""1"",""changeGameId"":1,""walletId"":1}",FREE,0.0,,DAILY,,,,1.637242382821673,1
https://wildspin24.com,Wildspin24,Hourly Free Credit,5.0,50.0,10.0,0.0,10.0,"{""creditLessThan"":0.1,""displayDescriptionOnly"":""1"",""changeGameId"":1,""walletId"":1}",FREE,0.0,,HOURLY,,,,2.248141548510455,1
https://jackpotau.com,JACKPOTAU,WELCOME BACK FREE,100.0,2000.0,20.0,0.0,20.0,"{""displayAngpaoText"":""0"",""walletId"":1,""changeGameId"":1,""displayDescriptionOnly"":""1""}",FREE,0.0,,MONTHLY,,,,1.4547966200963671,1
https://jackpotau.com,JACKPOTAU,Everyday Free Chip,10.0,100.0,15.0,0.0,10.0,"{""displayDescriptionOnly"":""1"",""walletId"":1,""changeGameId"":1,""displayAngpaoText"":""1""}",FREE,0.0,,DAILY,,,,2.717859814853726,1
https://dd8au.com,DD8AU,DAILY FREE,500.0,10000.0,10.0,0.0,20.0,"{""creditLessThan"":0.1, ""displayDescriptionOnly"":""1"",""walletId"":1,""changeGameId"":1}",FREE,0.0,,DAILY,,,,1.2595888978752612,1
https://keno99.com,Keno99,<b>Daily Free Point</b>,3200.0,0.0,15.0,64000.0,0.0,"{""creditLessThan"":1,""mobileAppOnly"":""0"",""walletId"":1,""changeGameId"":1,""displayAngpaoText"":""1"",""displayDescriptionOnly"":""1""}",FREE,0.0,,DAILY,,,,2.0881815322696407e-08,1
https://pp99au.com,PP99,PP99 REBATE BALANCE REDEMPTION,5.0,288.88,50.0,0.0,57.776,"{""customBonus"":""manual"",""maxWithdrawTimeAmount"":1,""fixRT"":1,""displayDescriptionOnly"":""1"",""showIfAmount"":1}",CUSTOM,0.0,,,,,,0.4115317540420936,1
https://pp99au.com,PP99,APPS DAILY FREE,30.0,600.0,20.0,0.0,20.0,"{""creditLessThan"":1,""walletId"":1,""changeGameId"":1,""displayDescriptionOnly"":""1"",""displayAngpaoText"":""1"",""mobileAppOnly"":""1""}",FREE,0.0,,DAILY,,,,1.3482549626236184,1
https://inskingdom8.com,INSKINGDOM8,<b>Welcome Back Free,100.0,300.0,20.0,0.0,3.0,"{""creditLessThan"":0.1,""displayDescriptionOnly"":""1"",""registerBeforeDate"":""2026-03-01"",""changeGameId"":1,""walletId"":1}",FREE,0.0,,,,,,15.584332644933966,1
https://inskingdom8.com,INSKINGDOM8,<b>Daily Free Credit,10.0,150.0,15.0,0.0,15.0,"{""creditLessThan"":0.1,""displayDescriptionOnly"":""1"",""walletId"":1,""changeGameId"":1}",FREE,0.0,,DAILY,,,,1.637242382821673,1
https://inskingdom8.com,INSKINGDOM8,<B>Download Apps Free,50.0,500.0,10.0,0.0,10.0,"{""creditLessThan"":0.1,""displayDescriptionOnly"":""1"",""walletId"":1,""changeGameId"":1,""displayAngpaoText"":""1"",""mobileAppOnly"":""1""}",FREE,0.0,,,,,,2.60975639940788,1
https://cergas.online,CERGASBET,DAILY FREE CREDIT,5.0,100.0,10.0,0.0,20.0,"{""displayDescriptionOnly"":""1"",""displayAngpaoText"":""1"",""creditLessThan"":0.1,""walletId"":1,""changeGameId"":1}",FREE,0.0,,DAILY,,,,0.9452270845626882,1
https://cergas.online,CERGASBET,CERGAS APP BONUS,10.0,100.0,10.0,0.0,10.0,"{""creditLessThan"":0.1,""startDate"":""2024-10-12"",""displayAngpaoText"":""0"",""mobileAppOnly"":""1"",""walletId"":1,""changeGameId"":1,""displayDescriptionOnly"":""1""}",FREE,0.0,,,,,,2.3505625446321727,1
https://richspinau.com,RICHSPINAU,<b>FREE 365</b>,5.0,100.0,10.0,0.0,20.0,"{""creditLessThan"":""0.01"",""displayDescriptionOnly"":""1"",""walletId"":1,""changeGameId"":1}",FREE,0.0,,DAILY,,,,0.9452270845626882,1
https://richspinau.com,RICHSPINAU,<b>Download App Bonus</b>,20.0,500.0,10.0,0.0,25.0,"{""displayDescriptionOnly"":""1"",""displayAngpaoText"":""1"",""mobileAppOnly"":""1"",""walletId"":1,""changeGameId"":1}",FREE,0.0,,DAILY,,,,0.7824908919849999,1
https://richspinau.com,RICHSPINAU,<b>▶️REFREH BONUS</b>,88.0,600.0,15.0,0.0,6.818181818181818,"{""creditLessThan"":0.1,""displayDescriptionOnly"":""1"",""walletId"":1,""changeGameId"":1,""displayAngpaoText"":""1""}",FREE,0.0,,WEEKLY,,,,5.0460430296218215,1
https://thestar.asia,TheStar,FREE SPIN 365 DAYS,377.0,3777.0,20.0,0.0,10.018567639257297,"{""creditLessThan"":0.1,""displayDescriptionOnly"":""1"",""displayAngpaoText"":""1"",""walletId"":1,""changeGameId"":1,""mobileAppOnly"":""0""}",FREE,0.0,,DAILY,,,,3.7345832540718886,1
https://thestar.asia,TheStar,App Free Bonus,777.0,7777.0,20.0,0.0,10.00900900900901,"{""creditLessThan"":0.1,""displayDescriptionOnly"":""1"",""displayAngpaoText"":""1"",""walletId"":1,""changeGameId"":1,""mobileAppOnly"":""1""}",FREE,0.0,,DAILY,,,,3.893729558135782,1
https://aus2u.com,Aus2u,1+1 X AUS2U 579$,579.0,11580.0,18.0,0.0,20.0,"{""displayAngpaoText"":""0"",""displayDescriptionOnly"":""1"",""walletId"":1,""changeGameId"":1,""creditLessThan"":0.1}",FREE,0.0,,DAILY,,,,1.559456007211032,1
https://aus2u.com,Aus2u,SUNDAY FREE $$$,15.0,480.0,15.0,0.0,32.0,"{""mobileAppOnly"":""1"",""claimTime"":""N=07"",""displayAngpaoText"":""0"",""displayDescriptionOnly"":""1"",""walletId"":1,""changeGameId"":1,""creditLessThan"":0.1}",FREE,0.0,,WEEKLY,,,,0.6521277816524131,1
https://aus2u.com,Aus2u,ANDROID FREE 25$,25.0,600.0,15.0,0.0,24.0,"{""displayDescriptionOnly"":""1"",""mobileAppOnly"":""1"",""walletId"":1,""changeGameId"":1,""creditLessThan"":0.1}",FREE,0.0,,DAILY,,,,0.9660971283883644,1
https://dolphin88.co,Dolphin88,<B>EXCLUSIVE BONUS</B>,50.0,300.0,10.0,0.0,6.0,"{""fixRT"":1,""creditLessThan"":0.1,""displayDescriptionOnly"":""0"",""changeGameId"":1,""walletId"":1,""registerBeforeDate"":""2026-06-15""}",FREE,0.0,,DAILY,,,,4.942092937949541,1
https://dolphin88.co,Dolphin88,<b>Daily Free $38.88 </b>,38.88,1088.0,8.8,0.0,27.983539094650205,"{""walletId"":1,""changeGameId"":1,""creditLessThan"":0.1,""displayDescriptionOnly"":""1""}",FREE,0.0,,DAILY,,,,0.6753956605166789,1
https://pokiesbillion.com,POKIESBILLION,<b>Download PokiesBillion APK</b>,20.0,450.0,10.0,0.0,22.5,"{""creditLessThan"":0.1,""displayDescriptionOnly"":""1"",""registerDate"":""2024-06-17"",""walletId"":1,""changeGameId"":1,""mobileAppOnly"":""1"",""displayAngpaoText"":""1""}",FREE,0.0,,DAILY,,,,0.8926396100823013,1
https://pokiesbillion.com,POKIESBILLION,<b>▶️Billion Appreciate 1</b>,38.0,500.0,10.0,0.0,13.157894736842104,"{""creditLessThan"":0.1,""displayDescriptionOnly"":""1"",""walletId"":1,""changeGameId"":1,""displayAngpaoText"":""1""}",FREE,0.0,,WEEKLY,,,,1.8197314677822884,1
https://rolex9.net,Rolex9,Apps Daily Free,20.0,300.0,10.0,0.0,15.0,"{""creditLessThan"":1,""displayDescriptionOnly"":""1"",""mobileAppOnly"":""1"",""displayAngpaoText"":""1""}",FREE,0.0,,DAILY,,,,1.4818021759296418,1
https://hb88au.com,HB88 PayID Casino Australia,<b>IOS & ANDROID APPS BONUS</b>,18.0,388.0,18.0,0.0,21.555555555555557,"{""creditLessThan"":1,""displayDescriptionOnly"":""1"",""mobileAppOnly"":""1"",""walletId"":1,""changeGameId"":1,""displayAngpaoText"":""0""}",FREE,0.0,,,,,,1.1485013436929892,1
https://speedaud.com,SpeedAUD,1+1 X SPEEDAUD 369$,369.0,7380.0,18.0,0.0,20.0,"{""displayAngpaoText"":""0"",""displayDescriptionOnly"":""1"",""walletId"":1,""changeGameId"":1,""creditLessThan"":0.1}",FREE,0.0,,DAILY,,,,1.5202404984199054,1
https://speedaud.com,SpeedAUD,SUNDAY FREE $$$,17.0,480.0,15.0,0.0,28.235294117647054,"{""mobileAppOnly"":""1"",""claimTime"":""N=07"",""displayAngpaoText"":""0"",""displayDescriptionOnly"":""1"",""walletId"":1,""changeGameId"":1,""creditLessThan"":0.1}",FREE,0.0,,WEEKLY,,,,0.7688574485217028,1
https://in8.one,IN8,New Register Free,198.0,2000.0,20.0,0.0,10.1010101010101,"{""displayDescriptionOnly"":""1"",""creditLessThan"":0.01,""walletId"":1,""changeGameId"":1}",FREE,0.0,,,,,,3.560592957296053,1
https://in8.one,IN8,FACEBOOK LIMITED BONUS,8.0,80.0,10.0,0.0,10.0,"{""displayDescriptionOnly"":""1"",""creditLessThan"":0.01,""walletId"":1,""changeGameId"":1}",FREE,0.0,,DAILY,,,,2.316654479144853,1
https://in8.one,IN8,TELEGRAM LIMITED BONUS,10.0,288.0,20.0,0.0,28.8,"{""displayDescriptionOnly"":""1"",""creditLessThan"":0.01,""walletId"":1,""changeGameId"":1}",FREE,0.0,,DAILY,,,,0.7954633400358477,1
https://zeroaud.com,ZERO,<b>Daily Free</b>,20.0,500.0,10.0,0.0,25.0,"{""creditLessThan"":""0.10"",""displayDescriptionOnly"":""1"",""changeGameId"":1,""walletId"":1}",FREE,0.0,,DAILY,,,,0.7824908919849999,1
https://zeroaud.com,ZERO,<b>July Special Extra Free AUD58</b>,58.0,888.0,13.0,0.0,15.310344827586206,"{""creditLessThan"":""0.10"",""displayDescriptionOnly"":""1"",""changeGameId"":1,""walletId"":1,""displayAngpaoText"":""0""}",FREE,0.0,,DAILY,,,,1.702415111858481,1
https://zeroaud.com,ZERO,<b>Download App Bonus</b>,30.0,700.0,10.0,0.0,23.333333333333332,"{""creditLessThan"":0.1,""displayDescriptionOnly"":""1"",""displayAngpaoText"":""1"",""mobileAppOnly"":""1"",""ignoreTrxAmount"":1,""changeGameId"":1,""walletId"":1}",FREE,0.0,,DAILY,,,,0.8757891750140593,1
https://zeroaud.com,ZERO,<b>Share Friends Get</b>,3.0,45.0,0.05,0.0,15.0,"{""customBonus"":""sharebonus"",""creditLessThan"":0.1,""startDate"":""2024-02-01"",""displayDescriptionOnly"":""1"",""displayAngpaoText"":""1"",""changeGameId"":1,""walletId"":1}",CUSTOM,0.0,,,,,,0.0267159422195756,1
https://mrbet9au.info,MrBet9au,<b>Ultra Daily FREE</b> <b>#R</b>,888.0,8888.0,10.0,0.0,10.00900900900901,"{""creditLessThan"":0.1,""startDate"":""2025-04-03"",""displayDescriptionOnly"":""1"",""walletId"":1,""changeGameId"":1,""mobileAppOnly"":""1""}",FREE,0.0,,DAILY,,,,3.0892497883969123,1
https://luxeau777.com,LUXEAU777,<b>Luxury Event Giveaway</b>,18.0,250.0,10.0,0.0,13.88888888888889,"{""displayDescriptionOnly"":""1"",""walletId"":1,""changeGameId"":1}",FREE,0.0,,WEEKLY,,,,1.6202193214695504,1
https://luxeau777.com,LUXEAU777,<b>Download Luxeau777 APK</b>,20.0,450.0,10.0,0.0,22.5,"{""creditLessThan"":0.1,""displayDescriptionOnly"":""1"",""registerDate"":""2024-06-17"",""walletId"":1,""changeGameId"":1,""mobileAppOnly"":""1"",""displayAngpaoText"":""1""}",FREE,0.0,,DAILY,,,,0.8926396100823013,1
https://vvip15au.com,VVIP15 Australia Online Casino,<b>DOWNLOAD APPS BONUS</b>,15.55,311.0,20.0,0.0,20.0,"{""creditLessThan"":1,""displayDescriptionOnly"":""1"",""mobileAppOnly"":""1"",""walletId"":1,""changeGameId"":1,""displayAngpaoText"":""0""}",FREE,0.0,,,,,,1.2916435191820996,1
https://sapphireaud.com,SAPPHIRE,<b>Weekly Commission</b>,0.8,0.0,1800.0,4.0,0.0,"{""customBonus"":""commissionweek"",""creditLessThan"":0.1,""startDate"":""2025-06-30"",""claimTime"":""A=PM"",""displayDescriptionOnly"":""1"",""displayAngpaoText"":""0""}",CUSTOM,8.0,,WEEKLY,,,,16.74475346798666,1
https://mrpokies77.com,MR.POKIES77,<b>FREE 365</b>,5.0,100.0,0.05,0.0,20.0,"{""creditLessThan"":0.1,""displayDescriptionOnly"":""1"",""displayAngpaoText"":""1""}",FREE,0.0,,DAILY,,,,0.0192326100127747,1
https://mrpokies77.com,MR.POKIES77,<b>Download Apps Daily</b>,20.0,500.0,5.0,0.0,25.0,"{""creditLessThan"":0.1,""displayDescriptionOnly"":""1"",""registerDate"":""2024-06-17"",""walletId"":1,""changeGameld"":1,""mobileAppOnly"":""1"",""displayAngpaoText"":""1""}",FREE,0.0,,DAILY,,,,0.5846942029551774,1
https://mrpokies77.com,MR.POKIES77,<b>▶️REFRESHING FREE</b>,88.0,600.0,15.0,0.0,6.818181818181818,"{""creditLessThan"":0.1,""displayDescriptionOnly"":""1"",""walletId"":1,""changeGameId"":1,""displayAngpaoText"":""1""}",FREE,0.0,,WEEKLY,,,,5.0460430296218215,1
https://play99au.com,Play99 Aus Online Pokies,<b>IOS & ANDROID APPS BONUS</b>,18.0,388.0,18.0,0.0,21.555555555555557,"{""creditLessThan"":1,""displayDescriptionOnly"":""1"",""mobileAppOnly"":""1"",""walletId"":1,""changeGameId"":1,""displayAngpaoText"":""0""}",FREE,0.0,,,,,,1.1485013436929892,1
https://ezspin68.vip,Ezspin68,<b>EZ Free Credit</b>,199.0,1990.0,10.0,0.0,10.0,"{""creditLessThan"":1,""displayDescriptionOnly"":""1"",""mobileAppOnly"":""1"",""walletId"":1,""changeGameId"":1,""displayAngpaoText"":""0""}",FREE,0.0,,DAILY,,,,2.840657533684931,1
https://betus10.co,BETUS10,<b>Daily Free Credit</b>,30.0,700.0,10.0,0.0,23.333333333333332,"{""creditLessThan"":0.1,""displayDescriptionOnly"":""1"",""ignoreTrxAmount"":1,""changeGameId"":1,""walletId"":1}",FREE,0.0,,DAILY,,,,0.8757891750140593,1
https://betus10.co,BETUS10,<b>Download App Bonus</b>,20.0,500.0,10.0,0.0,25.0,"{""displayDescriptionOnly"":""1"",""displayAngpaoText"":""1"",""mobileAppOnly"":""1"",""ignoreTrxAmount"":1,""changeGameId"":1,""walletId"":1}",FREE,0.0,,DAILY,,,,0.7824908919849999,1
https://betus10.co,BETUS10,<b>Referred Free</b>,6.0,300.0,50.0,0.0,50.0,"{""customBonus"":""sharebonus"",""creditLessThan"":1,""startDate"":""2023-10-25"",""displayDescriptionOnly"":""1"",""displayAngpaoText"":""1"",""changeGameId"":1,""walletId"":1}",CUSTOM,0.0,,,,,,0.4987444533506406,1
https://vvip15au.com,VVIP15 Australia Online Casino,<b>DOWNLOAD APPS BONUS</b>,15.55,311.0,20.0,0.0,20.0,"{""creditLessThan"":1,""displayDescriptionOnly"":""1"",""mobileAppOnly"":""1"",""walletId"":1,""changeGameId"":1,""displayAngpaoText"":""0""}",FREE,0.0,,,,,,1.2916435191820996,1
https://sapphireaud.com,SAPPHIRE,<b>Weekly Commission</b>,0.8,0.0,1800.0,4.0,0.0,"{""customBonus"":""commissionweek"",""creditLessThan"":0.1,""startDate"":""2025-06-30"",""claimTime"":""A=PM"",""displayDescriptionOnly"":""1"",""displayAngpaoText"":""0""}",CUSTOM,8.0,,WEEKLY,,,,16.74475346798666,1
https://royalaud.com,ROYAL77,<b>⭐Hourly Reward,5.0,100.0,10.0,0.0,20.0,"{""creditLessThan"":0.1,""displayAngpaoText"":""1"",""displayDescriptionOnly"":""1"",""changeGameId"":1,""walletId"":1}",FREE,0.0,,HOURLY,,,,0.9452270845626882,1
https://royalaud.com,ROYAL77,<b>Daily Ultra Free</b>,30.0,600.0,10.0,0.0,20.0,"{""creditLessThan"":0.1,""walletId"":1,""changeGameId"":1,""displayDescriptionOnly"":""1""}",FREE,0.0,,DAILY,,,,1.0618986286136922,1
https://royalaud.com,ROYAL77,<b>Subscribe Bonus</b>,30.0,200.0,10.0,0.0,6.666666666666667,"{""displayAngpaoText"":""0"",""displayDescriptionOnly"":""1"",""creditLessThan"":0.1,""mustJoinTelegramChannel"":""COMPANYSPEEDAU"",""walletId"":1,""changeGameId"":1}",FREE,0.0,,,,,,4.192611568525111,1
https://spaceman369.com,SPACEMAN369,<b>Welcome Back▶️</b>,28.0,600.0,20.0,0.0,21.428571428571427,"{""creditLessThan"":0.5,""displayAngpaoText"":""1"",""displayDescriptionOnly"":""1"",""walletId"":1,""changeGameld"":1}",FREE,0.0,,WEEKLY,,,,1.231334055770084,1
https://spaceman369.com,SPACEMAN369,<b>Download Apps Spaceman369</b>,20.0,500.0,5.0,0.0,25.0,"{""creditLessThan"":0.5,""displayDescriptionOnly"":""1"",""walletId"":1,""changeGameId"":1,""mobileAppOnly"":""1""}",FREE,0.0,,DAILY,,,,0.5846942029551774,1
https://spaceman369.com,SPACEMAN369,<B>SHARE BONUS</b>,60.0,1200.0,30.0,0.0,20.0,"{""customBonus"":""sharebonus"",""creditLessThan"":0.1,""startDate"":""2024-05-05"",""displayDescriptionOnly"":""1"",""displayAngpaoText"":""1"",""walletId"":1,""changeGameId"":1}",CUSTOM,0.0,,,,,,1.589595688650844,1
https://gold77au.com,GOLD77,"<b style=""color:#;"">Daily Free Chip</b>",777.0,7770.0,10.0,0.0,10.0,"{""startDate"":""2023-11-15"",""creditLessThan"":0.05,""displayDescriptionOnly"":""1"",""walletId"":1,""changeGameId"":1}",FREE,0.0,,DAILY,,,,3.070192925334543,1
https://betus10.co,BETUS10,<b>Daily Free Credit</b>,30.0,700.0,10.0,0.0,23.333333333333332,"{""creditLessThan"":0.1,""displayDescriptionOnly"":""1"",""ignoreTrxAmount"":1,""changeGameId"":1,""walletId"":1}",FREE,0.0,,DAILY,,,,0.8757891750140593,1
https://betus10.co,BETUS10,<b>Download App Bonus</b>,20.0,500.0,10.0,0.0,25.0,"{""displayDescriptionOnly"":""1"",""displayAngpaoText"":""1"",""mobileAppOnly"":""1"",""ignoreTrxAmount"":1,""changeGameId"":1,""walletId"":1}",FREE,0.0,,DAILY,,,,0.7824908919849999,1
https://betus10.co,BETUS10,<b>Referred Free</b>,6.0,300.0,50.0,0.0,50.0,"{""customBonus"":""sharebonus"",""creditLessThan"":1,""startDate"":""2023-10-25"",""displayDescriptionOnly"":""1"",""displayAngpaoText"":""1"",""changeGameId"":1,""walletId"":1}",CUSTOM,0.0,,,,,,0.4987444533506406,1
https://fc8au.com,FC8AU,LUCKY DAILY WIN FREE,500.0,10000.0,10.0,0.0,20.0,"{""displayDescriptionOnly"":""1"",""creditLessThan"":0.1,""walletId"":1,""changeGameId"":1}",FREE,0.0,,DAILY,,,,1.2595888978752612,1
https://decho34.com,Decho34,"<b style=""colour:white"">APP Free (Convert Deposit)",10.0,390.0,21.0,0.0,39.0,"{""creditLessThan"":0.01,""displayDescriptionOnly"":""1"",""mobileAppOnly"":""1"",""walletId"":1,""changeGameId"":1}",FREE,0.0,,DAILY,,,,0.5528608168460024,1
https://pesi13.com,PESI13,<b>New Member Free PESI<b>,16.8,300.0,20.0,0.0,17.857142857142858,"{""displayAngpaoText"":""1"",""displayDescriptionOnly"":""1"",""creditLessThan"":0.1,""walletId"":1,""changeGameId"":1,""mobileAppOnly"":""1""}",FREE,0.0,,,,,,1.4957807804057723,1
https://pesi13.com,PESI13,<b>Website Design Upgrade BONUS</b> <b>#C</b>,168.0,168.0,50.0,0.0,1.0,"{""displayAngpaoText"":""1"",""displayDescriptionOnly"":""1"",""creditLessThan"":0.1,""walletId"":1,""changeGameId"":1}",FREE,0.0,,,,,,81.99929542429888,1
https://pesi13.com,PESI13,<b>PESI APP FREE BONUS</b>,30.0,600.0,30.0,0.0,20.0,"{""creditLessThan"":1,""displayDescriptionOnly"":""1"",""mobileAppOnly"":""1"",""displayAngpaoText"":""1"",""ignoreTrxAmount"":1,""walletId"":1,""changeGameId"":1}",FREE,0.0,,,,,,1.5207279252292714,1
https://pesi13.com,PESI13,<b>PESI13 Join Back Gift</b> #R,30.0,300.0,15.0,0.0,10.0,"{""creditLessThan"":0.1,""displayDescriptionOnly"":""1"",""walletId"":1,""changeGameId"":1,""registerDate"":""2022-07-16""}",FREE,0.0,,,,,,2.920288749760507,1
https://jaws68.com,JAWS68™ The Ultimate Sports & Pokies in Australia,1X2 SOCCERS,10.99,150.0,20.0,0.0,13.64877161055505,"{""creditLessThan"":1,""walletId"":1,""changeGameId"":1,""displayDescriptionOnly"":""1"",""displayAngpaoText"":""1""}",FREE,0.0,,WEEKLY,,,,2.035522844239181,1
https://jaws68.com,JAWS68™ The Ultimate Sports & Pokies in Australia,SOCCER MANIAC BONUS,5.99,100.0,10.0,0.0,16.69449081803005,"{""creditLessThan"":1,""walletId"":1,""changeGameId"":1,""displayDescriptionOnly"":""1"",""displayAngpaoText"":""1""}",FREE,0.0,,WEEKLY,,,,1.1982955349478783,1
https://jw8au.com,JW8AU,<b>App Bonus</b>,88.0,3888.0,38.0,0.0,44.18181818181818,"{""creditLessThan"":0.1,""displayDescriptionOnly"":""1"",""registerDate"":""2023-01-01"",""walletId"":1,""changeGameId"":1,""displayAngpaoText"":""1"",""mobileAppOnly"":""1""}",FREE,0.0,,,,,,0.6449116816413177,1
https://jw8au.com,JW8AU,<b>Ultra Daily FREE</b> <b>#R</b>,888.0,8888.0,10.0,0.0,10.00900900900901,"{""creditLessThan"":0.01,""startDate"":""2024-04-03"",""displayDescriptionOnly"":""1"",""walletId"":1,""changeGameId"":1,""mobileAppOnly"":""1""}",FREE,0.0,,DAILY,,,,3.0892497883969123,1
https://ispeed88au.com,ISPEED88,<b>FREE 365 Days<b>,88.0,288.0,15.0,0.0,3.272727272727273,"{""creditLessThan"":0.1,""displayDescriptionOnly"":""1"",""mobileAppOnly"":""0"",""displayAngpaoText"":""0"",""walletId"":1,""changeGameId"":1}",FREE,0.0,,DAILY,,,,12.629885195615032,1
https://ispeed88au.com,ISPEED88,<b>JOIN TELEGRAM<b>,100.0,888.0,10.0,0.0,8.88,"{""displayAngpaoText"":""0"",""displayDescriptionOnly"":""1"",""mobileAppOnly"":""0"",""creditLessThan"":0.1,""registerDate"":""2023-01-01"",""mustJoinTelegramChannel"":""ispeedchannel88"",""walletId"":1,""changeGameId"":1}",FREE,0.0,,,,,,3.161437519846701,1
https://sapphireaud.com,SAPPHIRE,<b>Weekly Commission</b>,0.8,0.0,1800.0,4.0,0.0,"{""customBonus"":""commissionweek"",""creditLessThan"":0.1,""startDate"":""2025-06-30"",""claimTime"":""A=PM"",""displayDescriptionOnly"":""1"",""displayAngpaoText"":""0""}",CUSTOM,8.0,,WEEKLY,,,,16.74475346798666,1
https://iw99au.com,IW99,<b>FREE 365 DAYS ALL SLOT<b>,5.0,100.0,0.05,0.0,20.0,"{""displayDescriptionOnly"":""1"",""displayAngpaoText"":""1"",""walletId"":1,""changeGameId"":1}",FREE,0.0,,DAILY,,,,0.0192326100127747,1
https://iw99au.com,IW99,<b>MOBILE APP PREE CREDIT</b>,10.0,150.0,0.05,0.0,15.0,"{""creditLessThan"":0.1,""displayDescriptionOnly"":""1"",""walletId"":1,""changeGameId"":1,""mobileAppOnly"":""1""}",FREE,0.0,,DAILY,,,,0.0288110977305321,1
https://iw99au.com,IW99,<b>JOIN TELEGRAM<b>,100.0,888.0,10.0,0.0,8.88,"{""displayAngpaoText"":""0"",""displayDescriptionOnly"":""1"",""mobileAppOnly"":""0"",""creditLessThan"":0.1,""registerDate"":""2023-01-01"",""mustJoinTelegramChannel"":""iW99audchannel"",""walletId"":1,""changeGameId"":1}",FREE,0.0,,,,,,3.161437519846701,1
https://cyberpunk369.com,CYBERPUNK369,<b>AEP ALL SLOT </b>,5.0,100.0,0.05,0.0,20.0,"{""displayAngpaoText"":""1"",""displayDescriptionOnly"":""1"",""creditLessThan"":0.1,""registerDate"":""2024-01-01"",""mobileAppOnly"":""0"",""mustJoinTelegramChannel"":""auspokiesentertaintment""}",FREE,0.0,,,,,,0.0192326100127747,1
https://cyberpunk369.com,CYBERPUNK369,<b>Hourly Bonus</b>,15.0,200.0,5.0,0.0,13.333333333333334,"{""displayDescriptionOnly"":""1"",""displayAngpaoText"":""1"",""walletId"":1,""changeGameId"":1,""creditLessThan"":0.1,""resetHour"":2}",FREE,0.0,,HOURLY,,,,1.2588993529486476,1
https://cyberpunk369.com,CYBERPUNK369,<b> CyberMass Free </b>,88.0,600.0,10.0,0.0,6.818181818181818,"{""creditLessThan"":0.1,""displayDescriptionOnly"":""1"",""walletId"":1,""changeGameId"":1,""displayAngpaoText"":""1""}",FREE,0.0,,WEEKLY,,,,4.364110201419518,1
https://cyberpunk369.com,CYBERPUNK369,<b>Check-in Bonus SUNDAY</b>,14.0,100.0,20.0,0.0,7.142857142857143,"{""claimTime"":""N=7"",""displayDescriptionOnly"":""1"",""displayAngpaoText"":""0"",""creditLessThan"":0.1,""walletId"":1,""changeGameId"":1}",FREE,0.0,,WEEKLY,,,,4.646195318703266,1
https://cyberpunk369.com,CYBERPUNK369,<b>Download Apps Free</b>,20.0,300.0,10.0,0.0,15.0,"{""creditLessThan"":0.1,""displayDescriptionOnly"":""1"",""walletId"":1,""changeGameId"":1,""mobileAppOnly"":""1""}",FREE,0.0,,DAILY,,,,1.4818021759296418,1
https://play369.co,PLAY369,<b>Daily Free $5,5.0,150.0,15.0,0.0,30.0,"{""creditLessThan"":0.1,""displayDescriptionOnly"":""1""}",FREE,0.0,,DAILY,,,,0.6583810534082891,1
https://royalaud.com,ROYAL77,<b>⭐Hourly Reward,5.0,100.0,10.0,0.0,20.0,"{""creditLessThan"":0.1,""displayAngpaoText"":""1"",""displayDescriptionOnly"":""1"",""changeGameId"":1,""walletId"":1}",FREE,0.0,,HOURLY,,,,0.9452270845626882,1
https://royalaud.com,ROYAL77,<b>Daily Ultra Free</b>,30.0,600.0,10.0,0.0,20.0,"{""creditLessThan"":0.1,""walletId"":1,""changeGameId"":1,""displayDescriptionOnly"":""1""}",FREE,0.0,,DAILY,,,,1.0618986286136922,1
https://royalaud.com,ROYAL77,<b>Subscribe Bonus</b>,30.0,200.0,10.0,0.0,6.666666666666667,"{""displayAngpaoText"":""0"",""displayDescriptionOnly"":""1"",""creditLessThan"":0.1,""mustJoinTelegramChannel"":""COMPANYSPEEDAU"",""walletId"":1,""changeGameId"":1}",FREE,0.0,,,,,,4.192611568525111,1
https://speedau.live,SpeedAU,<b>Subscribe Bonus</b>,30.0,200.0,30.0,0.0,6.666666666666667,"{""displayAngpaoText"":""0"",""displayDescriptionOnly"":""1"",""creditLessThan"":0.1,""mustJoinTelegramChannel"":""companyspeedau"",""walletId"":1,""changeGameId"":1}",FREE,0.0,,,,,,6.004171509496215,1
https://1spinnwin.com,1SPIN&WIN,<b>Hourly Bonus</b>,15.0,200.0,5.0,0.0,13.333333333333334,"{""displayDescriptionOnly"":""1"",""displayAngpaoText"":""1"",""walletId"":1,""changeGameId"":1,""creditLessThan"":0.1,""resetHour"":2}",FREE,0.0,,HOURLY,,,,1.2588993529486476,1
https://royale9au.com,Royale9 Jernice,Checkin Sunday,19.0,410.0,15.0,0.0,21.57894736842105,"{""displayDescriptionOnly"":""1"",""displayAngpaoText"":""0"",""claimTime"":""N=07"",""walletId"":1,""changeGameId"":1}",FREE,0.0,,WEEKLY,,,,1.0838363548106638,1
https://riches88.live,RICHES88,<b>⭐DAILY HOUR FREE,3.0,50.0,10.0,0.0,16.666666666666668,"{""creditLessThan"":0.1,""walletId"":1,""changeGameId"":1,""displayAngpaoText"":""1"",""displayDescriptionOnly"":""1""}",FREE,0.0,,HOURLY,,,,1.1509900370660882,1
https://riches88.live,RICHES88,<b>TELEGRAM FREE</b>,100.0,800.0,10.0,0.0,8.0,"{""mustJoinTelegramChannel"":""riches88au"",""changeGameld"":1,""displayDescriptionOnly"":""1"",""changeGameId"":1,""walletId"":1}",FREE,0.0,,,,,,3.6019553639448203,1
https://crown155au.com,Original Crownzo Online Casino Australia,<b> Rebrand Bonus</b>,58.0,870.0,20.0,0.0,15.0,"{""creditLessThan"":1,""displayDescriptionOnly"":""1"",""walletId"":1,""changeGameId"":1,""displayAngpaoText"":""0""}",FREE,0.0,,,,,,2.0148975164535674,1
https://spaceman369.com,SPACEMAN369,<b>Welcome Back▶️</b>,28.0,600.0,20.0,0.0,21.428571428571427,"{""creditLessThan"":0.5,""displayAngpaoText"":""1"",""displayDescriptionOnly"":""1"",""walletId"":1,""changeGameld"":1}",FREE,0.0,,WEEKLY,,,,1.231334055770084,1
https://spaceman369.com,SPACEMAN369,<b>Download Apps Spaceman369</b>,20.0,500.0,5.0,0.0,25.0,"{""creditLessThan"":0.5,""displayDescriptionOnly"":""1"",""walletId"":1,""changeGameId"":1,""mobileAppOnly"":""1""}",FREE,0.0,,DAILY,,,,0.5846942029551774,1
https://spaceman369.com,SPACEMAN369,<B>SHARE BONUS</b>,60.0,1200.0,30.0,0.0,20.0,"{""customBonus"":""sharebonus"",""creditLessThan"":0.1,""startDate"":""2024-05-05"",""displayDescriptionOnly"":""1"",""displayAngpaoText"":""1"",""walletId"":1,""changeGameId"":1}",CUSTOM,0.0,,,,,,1.589595688650844,1
https://lego66.co,Lego77,<b>Only Fan 【Limited】</b>,10.0,199.0,10.0,0.0,19.9,"{""maxRoundTargetAll"":1,""displayDescriptionOnly"":""1"",""creditLessThan"":0.1,""changeGameId"":1,""walletId"":1}",FREE,0.0,,DAILY,,,,0.9945015538788536,1
https://ipay9aud.com,iPAY9,iPAY9 APP BONUS,20.0,300.0,20.0,0.0,15.0,"{""creditLessThan"":1,""displayDescriptionOnly"":""1"",""mobileAppOnly"":""1"",""displayAngpaoText"":""1"",""ignoreTrxAmount"":1,""walletId"":1,""changeGameId"":1}",FREE,0.0,,MONTHLY,,,,1.881391578715761,1
https://ipay9aud.com,iPAY9,FREE CHIPS,10.0,100.0,20.0,0.0,10.0,"{""mobileAppOnly"":""0"",""registerDate"":""2023-01-15"",""creditLessThan"":1,""displayDescriptionOnly"":""1"",""changeGameId"":1,""walletId"":1}",FREE,0.0,,MONTHLY,,,,2.9844257543630697,1
https://king88pokies.com,King88,"<b style=""color:#FFD700""> Share & Free</b>",8.0,80.0,20.0,0.0,10.0,"{""customBonus"":""sharebonus"",""creditLessThan"":0.1,""startDate"":""2024-02-01"",""mobileAppOnly"":""1"",""maxCount"":3,""displayAngpaoText"":""1"",""walletId"":1,""changeGameId"":1}",CUSTOM,0.0,,,,,,2.941373888267406,1
https://starspin996.com,StarSpin996,<b>Starspin996 APP BONUS</b>,30.0,600.0,30.0,0.0,20.0,"{""creditLessThan"":1,""displayDescriptionOnly"":""1"",""mobileAppOnly"":""1"",""displayAngpaoText"":""1"",""ignoreTrxAmount"":1,""startDate"":""2026-03-09""}",FREE,0.0,,DAILY,30.0,,,1.5207279252292714,1
https://skyspin96.co,SKYSPIN96,CHECK-IN SUNDAY,28.0,600.0,15.0,0.0,21.428571428571427,"{""walletId"":1,""changeGameId"":1,""maxWithdrawTimeDeposit"":1,""creditLessThan"":1,""displayDescriptionOnly"":""1"",""claimTime"":""N=7""}",FREE,0.0,,DAILY,,,,1.1213525228248111,1
https://dolphin88.co,Dolphin88,<B>EXCLUSIVE BONUS</B>,50.0,300.0,10.0,0.0,6.0,"{""fixRT"":1,""creditLessThan"":0.1,""displayDescriptionOnly"":""0"",""changeGameId"":1,""walletId"":1,""registerBeforeDate"":""2026-06-15""}",FREE,0.0,,DAILY,,,,4.942092937949541,1
https://dolphin88.co,Dolphin88,<b>Daily Free $38.88 </b>,38.88,1088.0,8.8,0.0,27.983539094650205,"{""walletId"":1,""changeGameId"":1,""creditLessThan"":0.1,""displayDescriptionOnly"":""1""}",FREE,0.0,,DAILY,,,,0.6753956605166789,1
https://neiro55.com,NEIRO55,<b>Daily Free</b>,25.0,500.0,10.0,0.0,20.0,"{""displayDescriptionOnly"":""1"",""creditLessThan"":0.1,""displayAngpaoText"":""1"",""ignoreTrxAmount"":1,""changeGameId"":1,""walletId"":1}",FREE,0.0,,DAILY,,,,1.0494025324877412,1
https://neiro55.com,NEIRO55,<b>For Android Member</b>,35.0,700.0,10.0,0.0,20.0,"{""displayDescriptionOnly"":""1"",""displayAngpaoText"":""1"",""mobileAppOnly"":""1"",""ignoreTrxAmount"":1,""changeGameId"":1,""walletId"":1}",FREE,0.0,,DAILY,,,,1.0725220628137515,1
https://mrpokies77.com,MR.POKIES77,<b>FREE 365</b>,5.0,100.0,0.05,0.0,20.0,"{""creditLessThan"":0.1,""displayDescriptionOnly"":""1"",""displayAngpaoText"":""1""}",FREE,0.0,,DAILY,,,,0.0192326100127747,1
https://mrpokies77.com,MR.POKIES77,<b>Download Apps Daily</b>,20.0,500.0,5.0,0.0,25.0,"{""creditLessThan"":0.1,""displayDescriptionOnly"":""1"",""registerDate"":""2024-06-17"",""walletId"":1,""changeGameld"":1,""mobileAppOnly"":""1"",""displayAngpaoText"":""1""}",FREE,0.0,,DAILY,,,,0.5846942029551774,1
https://mrpokies77.com,MR.POKIES77,<b>▶️REFRESHING FREE</b>,88.0,600.0,15.0,0.0,6.818181818181818,"{""creditLessThan"":0.1,""displayDescriptionOnly"":""1"",""walletId"":1,""changeGameId"":1,""displayAngpaoText"":""1""}",FREE,0.0,,WEEKLY,,,,5.0460430296218215,1
https://play99au.com,Play99 Aus Online Pokies,<b>IOS & ANDROID APPS BONUS</b>,18.0,388.0,18.0,0.0,21.555555555555557,"{""creditLessThan"":1,""displayDescriptionOnly"":""1"",""mobileAppOnly"":""1"",""walletId"":1,""changeGameId"":1,""displayAngpaoText"":""0""}",FREE,0.0,,,,,,1.1485013436929892,1
https://ezspin68.vip,Ezspin68,<b>EZ Free Credit</b>,199.0,1990.0,10.0,0.0,10.0,"{""creditLessThan"":1,""displayDescriptionOnly"":""1"",""mobileAppOnly"":""1"",""walletId"":1,""changeGameId"":1,""displayAngpaoText"":""0""}",FREE,0.0,,DAILY,,,,2.840657533684931,1
https://neiro55.com,NEIRO55,<b>Daily Free</b>,25.0,500.0,10.0,0.0,20.0,"{""displayDescriptionOnly"":""1"",""creditLessThan"":0.1,""displayAngpaoText"":""1"",""ignoreTrxAmount"":1,""changeGameId"":1,""walletId"":1}",FREE,0.0,,DAILY,,,,1.0494025324877412,1
https://neiro55.com,NEIRO55,<b>For Android Member</b>,35.0,700.0,10.0,0.0,20.0,"{""displayDescriptionOnly"":""1"",""displayAngpaoText"":""1"",""mobileAppOnly"":""1"",""ignoreTrxAmount"":1,""changeGameId"":1,""walletId"":1}",FREE,0.0,,DAILY,,,,1.0725220628137515,1
https://bigpay77.net,BigPay77,Apps Daily Free,17.0,500.0,10.0,0.0,29.41176470588235,"{""creditLessThan"":1,""displayDescriptionOnly"":""1"",""mobileAppOnly"":""1"",""displayAngpaoText"":""1"",""fixRT"":1,""walletId"":1,""changeGameId"":1}",FREE,0.0,,DAILY,,,,0.6318727500544004,1
https://glorya77.com,GLORYA77,<b>APP Bonus Free<b>,18.0,68.0,20.0,0.0,3.7777777777777777,"{""walletId"":1,""changeGameId"":1,""creditLessThan"":0.01,""fixRT"":1,""displayDescriptionOnly"":""1""}",FREE,0.0,,,,,,10.472530755252263,1
https://jaws68.com,JAWS68™ The Ultimate Sports & Pokies in Australia,1X2 SOCCERS,10.99,150.0,20.0,0.0,13.64877161055505,"{""creditLessThan"":1,""walletId"":1,""changeGameId"":1,""displayDescriptionOnly"":""1"",""displayAngpaoText"":""1""}",FREE,0.0,,WEEKLY,,,,2.035522844239181,1
https://jaws68.com,JAWS68™ The Ultimate Sports & Pokies in Australia,SOCCER MANIAC BONUS,5.99,100.0,10.0,0.0,16.69449081803005,"{""creditLessThan"":1,""walletId"":1,""changeGameId"":1,""displayDescriptionOnly"":""1"",""displayAngpaoText"":""1""}",FREE,0.0,,WEEKLY,,,,1.1982955349478783,1
https://cergas.online,CERGASBET,DAILY FREE CREDIT,5.0,100.0,10.0,0.0,20.0,"{""displayDescriptionOnly"":""1"",""displayAngpaoText"":""1"",""creditLessThan"":0.1,""walletId"":1,""changeGameId"":1}",FREE,0.0,,DAILY,,,,0.9452270845626882,1
https://cergas.online,CERGASBET,CERGAS APP BONUS,10.0,100.0,10.0,0.0,10.0,"{""creditLessThan"":0.1,""startDate"":""2024-10-12"",""displayAngpaoText"":""0"",""mobileAppOnly"":""1"",""walletId"":1,""changeGameId"":1,""displayDescriptionOnly"":""1""}",FREE,0.0,,,,,,2.3505625446321727,1
https://speedau.live,SpeedAU,<b>Subscribe Bonus</b>,30.0,200.0,30.0,0.0,6.666666666666667,"{""displayAngpaoText"":""0"",""displayDescriptionOnly"":""1"",""creditLessThan"":0.1,""mustJoinTelegramChannel"":""companyspeedau"",""walletId"":1,""changeGameId"":1}",FREE,0.0,,,,,,6.004171509496215,1
https://lego66.co,Lego77,<b>Only Fan 【Limited】</b>,10.0,199.0,10.0,0.0,19.9,"{""maxRoundTargetAll"":1,""displayDescriptionOnly"":""1"",""creditLessThan"":0.1,""changeGameId"":1,""walletId"":1}",FREE,0.0,,DAILY,,,,0.9945015538788536,1
https://glorya77.com,GLORYA77,<b>APP Bonus Free<b>,18.0,68.0,20.0,0.0,3.7777777777777777,"{""walletId"":1,""changeGameId"":1,""creditLessThan"":0.01,""fixRT"":1,""displayDescriptionOnly"":""1""}",FREE,0.0,,,,,,10.472530755252263,1
https://jaws68.com,JAWS68™ The Ultimate Sports & Pokies in Australia,1X2 SOCCERS,10.99,150.0,20.0,0.0,13.64877161055505,"{""creditLessThan"":1,""walletId"":1,""changeGameId"":1,""displayDescriptionOnly"":""1"",""displayAngpaoText"":""1""}",FREE,0.0,,WEEKLY,,,,2.035522844239181,1
https://jaws68.com,JAWS68™ The Ultimate Sports & Pokies in Australia,SOCCER MANIAC BONUS,5.99,100.0,10.0,0.0,16.69449081803005,"{""creditLessThan"":1,""walletId"":1,""changeGameId"":1,""displayDescriptionOnly"":""1"",""displayAngpaoText"":""1""}",FREE,0.0,,WEEKLY,,,,1.1982955349478783,1
https://cergas.online,CERGASBET,DAILY FREE CREDIT,5.0,100.0,10.0,0.0,20.0,"{""displayDescriptionOnly"":""1"",""displayAngpaoText"":""1"",""creditLessThan"":0.1,""walletId"":1,""changeGameId"":1}",FREE,0.0,,DAILY,,,,0.9452270845626882,1
https://cergas.online,CERGASBET,CERGAS APP BONUS,10.0,100.0,10.0,0.0,10.0,"{""creditLessThan"":0.1,""startDate"":""2024-10-12"",""displayAngpaoText"":""0"",""mobileAppOnly"":""1"",""walletId"":1,""changeGameId"":1,""displayDescriptionOnly"":""1""}",FREE,0.0,,,,,,2.3505625446321727,1
https://dolphin88.co,Dolphin88,<B>EXCLUSIVE BONUS</B>,50.0,300.0,10.0,0.0,6.0,"{""fixRT"":1,""creditLessThan"":0.1,""displayDescriptionOnly"":""0"",""changeGameId"":1,""walletId"":1,""registerBeforeDate"":""2026-06-15""}",FREE,0.0,,DAILY,,,,4.942092937949541,1
https://dolphin88.co,Dolphin88,<b>Daily Free $38.88 </b>,38.88,1088.0,8.8,0.0,27.983539094650205,"{""walletId"":1,""changeGameId"":1,""creditLessThan"":0.1,""displayDescriptionOnly"":""1""}",FREE,0.0,,DAILY,,,,0.6753956605166789,1
https://aud365.co,AUDBET365,<b>Ultra Daily FREE</b> #R,888.0,8888.0,10.0,0.0,10.00900900900901,"{""creditLessThan"":0.1,""startDate"":""2024-12-21"",""displayDescriptionOnly"":""1"",""walletId"":1,""changeGameId"":1,""mobileAppOnly"":""1""}",FREE,0.0,,DAILY,,,,3.0892497883969123,1
https://ijoker88au.com,IJOKER88,<b>JOIN TELEGRAM<b>,100.0,1000.0,10.0,0.0,10.0,"{""displayAngpaoText"":""0"",""displayDescriptionOnly"":""1"",""mobileAppOnly"":""0"",""creditLessThan"":0.1,""registerDate"":""2023-01-01"",""mustJoinTelegramChannel"":""iJokerchannel88"",""changeGameId"":1,""walletId"":1}",FREE,0.0,,,,,,2.725215249163835,1
https://ijoker88au.com,IJOKER88,<b>DAILY FREE CREDIT<b>,88.0,288.0,15.0,0.0,3.272727272727273,"{""creditLessThan"":0.1,""displayDescriptionOnly"":""1"",""mobileAppOnly"":""0"",""displayAngpaoText"":""0"",""changeGameId"":1,""walletId"":1}",FREE,0.0,,DAILY,,,,12.629885195615032,1
https://ijoker88au.com,IJOKER88,<b>FREE SHARE EVENT<b>,1.0,0.0,288.0,0.0,0.0,"{""customBonus"":""sharebonus"",""creditLessThan"":1,""startDate"":""2024-09-10"",""displayDescriptionOnly"":""1"",""mobileAppOnly"":""0"",""changeGameId"":1,""walletId"":1}",CUSTOM,0.0,,,,,,86.67105251051989,1
https://cyberpunk369.com,CYBERPUNK369,<b>AEP ALL SLOT </b>,5.0,100.0,0.05,0.0,20.0,"{""displayAngpaoText"":""1"",""displayDescriptionOnly"":""1"",""creditLessThan"":0.1,""registerDate"":""2024-01-01"",""mobileAppOnly"":""0"",""mustJoinTelegramChannel"":""auspokiesentertaintment""}",FREE,0.0,,,,,,0.0192326100127747,1
https://cyberpunk369.com,CYBERPUNK369,<b>Hourly Bonus</b>,15.0,200.0,5.0,0.0,13.333333333333334,"{""displayDescriptionOnly"":""1"",""displayAngpaoText"":""1"",""walletId"":1,""changeGameId"":1,""creditLessThan"":0.1,""resetHour"":2}",FREE,0.0,,HOURLY,,,,1.2588993529486476,1
https://cyberpunk369.com,CYBERPUNK369,<b> CyberMass Free </b>,88.0,600.0,10.0,0.0,6.818181818181818,"{""creditLessThan"":0.1,""displayDescriptionOnly"":""1"",""walletId"":1,""changeGameId"":1,""displayAngpaoText"":""1""}",FREE,0.0,,WEEKLY,,,,4.364110201419518,1
https://cyberpunk369.com,CYBERPUNK369,<b>Check-in Bonus SUNDAY</b>,14.0,100.0,20.0,0.0,7.142857142857143,"{""claimTime"":""N=7"",""displayDescriptionOnly"":""1"",""displayAngpaoText"":""0"",""creditLessThan"":0.1,""walletId"":1,""changeGameId"":1}",FREE,0.0,,WEEKLY,,,,4.646195318703266,1
https://cyberpunk369.com,CYBERPUNK369,<b>Download Apps Free</b>,20.0,300.0,10.0,0.0,15.0,"{""creditLessThan"":0.1,""displayDescriptionOnly"":""1"",""walletId"":1,""changeGameId"":1,""mobileAppOnly"":""1""}",FREE,0.0,,DAILY,,,,1.4818021759296418,1
https://pesi13.com,PESI13,<b>New Member Free PESI<b>,16.8,300.0,20.0,0.0,17.857142857142858,"{""displayAngpaoText"":""1"",""displayDescriptionOnly"":""1"",""creditLessThan"":0.1,""walletId"":1,""changeGameId"":1,""mobileAppOnly"":""1""}",FREE,0.0,,,,,,1.4957807804057723,1
https://pesi13.com,PESI13,<b>Website Design Upgrade BONUS</b> <b>#C</b>,168.0,168.0,50.0,0.0,1.0,"{""displayAngpaoText"":""1"",""displayDescriptionOnly"":""1"",""creditLessThan"":0.1,""walletId"":1,""changeGameId"":1}",FREE,0.0,,,,,,81.99929542429888,1
https://pesi13.com,PESI13,<b>PESI APP FREE BONUS</b>,30.0,600.0,30.0,0.0,20.0,"{""creditLessThan"":1,""displayDescriptionOnly"":""1"",""mobileAppOnly"":""1"",""displayAngpaoText"":""1"",""ignoreTrxAmount"":1,""walletId"":1,""changeGameId"":1}",FREE,0.0,,,,,,1.5207279252292714,1
https://pesi13.com,PESI13,<b>PESI13 Join Back Gift</b> #R,30.0,300.0,15.0,0.0,10.0,"{""creditLessThan"":0.1,""displayDescriptionOnly"":""1"",""walletId"":1,""changeGameId"":1,""registerDate"":""2022-07-16""}",FREE,0.0,,,,,,2.920288749760507,1
https://ezaud.com,EzAud (AUD),FREE CREDIT 365 DAYS,15.0,250.0,15.0,0.0,16.666666666666668,"{""walletId"":1,""changeGameId"":1,""displayDescriptionOnly"":""1"",""creditLessThan"":1}",FREE,0.0,,DAILY,,,,1.4738702003434807,1
https://ezaud.com,EzAud (AUD),REFER & EARN,10.0,200.0,20.0,0.0,20.0,"{""walletId"":1,""changeGameId"":1,""customBonus"":""sharebonus"",""creditLessThan"":0.1,""startDate"":""2024-12-01"",""displayDescriptionOnly"":""1""}",CUSTOM,0.0,,,,,,1.254796459217384,1
https://super996.com,SUPER996,"<b style=""color:#00FFFF;"">SHARE & INVITE</b>",10.0,200.0,20.0,0.0,20.0,"{""customBonus"":""sharebonus"",""creditLessThan"":0.1,""startDate"":""2023-03-22"",""displayDescriptionOnly"":""1"",""walletId"":1,""changeGameId"":1,""mobileAppOnly"":""1"",""maxCount"":2}",CUSTOM,0.0,,,,,,1.254796459217384,1
https://pesi13.com,PESI13,<b>New Member Free PESI<b>,16.8,300.0,20.0,0.0,17.857142857142858,"{""displayAngpaoText"":""1"",""displayDescriptionOnly"":""1"",""creditLessThan"":0.1,""walletId"":1,""changeGameId"":1,""mobileAppOnly"":""1""}",FREE,0.0,,,,,,1.4957807804057723,1
https://pesi13.com,PESI13,<b>Website Design Upgrade BONUS</b> <b>#C</b>,168.0,168.0,50.0,0.0,1.0,"{""displayAngpaoText"":""1"",""displayDescriptionOnly"":""1"",""creditLessThan"":0.1,""walletId"":1,""changeGameId"":1}",FREE,0.0,,,,,,81.99929542429888,1
https://pesi13.com,PESI13,<b>PESI APP FREE BONUS</b>,30.0,600.0,30.0,0.0,20.0,"{""creditLessThan"":1,""displayDescriptionOnly"":""1"",""mobileAppOnly"":""1"",""displayAngpaoText"":""1"",""ignoreTrxAmount"":1,""walletId"":1,""changeGameId"":1}",FREE,0.0,,,,,,1.5207279252292714,1
https://pesi13.com,PESI13,<b>PESI13 Join Back Gift</b> #R,30.0,300.0,15.0,0.0,10.0,"{""creditLessThan"":0.1,""displayDescriptionOnly"":""1"",""walletId"":1,""changeGameId"":1,""registerDate"":""2022-07-16""}",FREE,0.0,,,,,,2.920288749760507,1
https://cyberpunk369.com,CYBERPUNK369,<b>AEP ALL SLOT </b>,5.0,100.0,0.05,0.0,20.0,"{""displayAngpaoText"":""1"",""displayDescriptionOnly"":""1"",""creditLessThan"":0.1,""registerDate"":""2024-01-01"",""mobileAppOnly"":""0"",""mustJoinTelegramChannel"":""auspokiesentertaintment""}",FREE,0.0,,,,,,0.0192326100127747,1
https://cyberpunk369.com,CYBERPUNK369,<b>Hourly Bonus</b>,15.0,200.0,5.0,0.0,13.333333333333334,"{""displayDescriptionOnly"":""1"",""displayAngpaoText"":""1"",""walletId"":1,""changeGameId"":1,""creditLessThan"":0.1,""resetHour"":2}",FREE,0.0,,HOURLY,,,,1.2588993529486476,1
https://cyberpunk369.com,CYBERPUNK369,<b> CyberMass Free </b>,88.0,600.0,10.0,0.0,6.818181818181818,"{""creditLessThan"":0.1,""displayDescriptionOnly"":""1"",""walletId"":1,""changeGameId"":1,""displayAngpaoText"":""1""}",FREE,0.0,,WEEKLY,,,,4.364110201419518,1
https://cyberpunk369.com,CYBERPUNK369,<b>Check-in Bonus SUNDAY</b>,14.0,100.0,20.0,0.0,7.142857142857143,"{""claimTime"":""N=7"",""displayDescriptionOnly"":""1"",""displayAngpaoText"":""0"",""creditLessThan"":0.1,""walletId"":1,""changeGameId"":1}",FREE,0.0,,WEEKLY,,,,4.646195318703266,1
https://cyberpunk369.com,CYBERPUNK369,<b>Download Apps Free</b>,20.0,300.0,10.0,0.0,15.0,"{""creditLessThan"":0.1,""displayDescriptionOnly"":""1"",""walletId"":1,""changeGameId"":1,""mobileAppOnly"":""1""}",FREE,0.0,,DAILY,,,,1.4818021759296418,1
https://super996.com,SUPER996,"<b style=""color:#00FFFF;"">SHARE & INVITE</b>",10.0,200.0,20.0,0.0,20.0,"{""customBonus"":""sharebonus"",""creditLessThan"":0.1,""startDate"":""2023-03-22"",""displayDescriptionOnly"":""1"",""walletId"":1,""changeGameId"":1,""mobileAppOnly"":""1"",""maxCount"":2}",CUSTOM,0.0,,,,,,1.254796459217384,1
https://weplay88.com,WePlay88,"<b style=""color:gold;"">⭐Ultimate Rewards Event</b>",888.0,4440.0,30.0,0.0,5.0,"{""creditLessThan"":0.1,""startDate"":""2025-10-29"",""displayDescriptionOnly"":""1"",""displayAngpaoText"":""0"",""changeGameId"":1,""walletId"":1}",FREE,0.0,,MONTHLY,,,,10.53410957239426,1
https://audgaming8.com,AUDGAMING,<b>Sharing Bonus</b>,10.0,300.0,50.0,0.0,30.0,"{""customBonus"":""sharebonus"",""creditLessThan"":1,""startDate"":""2023-07-31"",""displayDescriptionOnly"":""1"",""displayAngpaoText"":""1"",""walletId"":1,""changeGameId"":1}",CUSTOM,0.0,,,,,,0.9761898354482816,1
https://audgaming8.com,AUDGAMING,<b>Subscribe Bonus II</b>,30.0,600.0,30.0,0.0,20.0,"{""displayAngpaoText"":""0"",""displayDescriptionOnly"":""1"",""creditLessThan"":0.1,""mustJoinTelegramChannel"":""igaxspeedau33"",""walletId"":1,""changeGameId"":1}",FREE,0.0,,,,,,1.5207279252292714,1
https://ezaud.com,EzAud (AUD),FREE CREDIT 365 DAYS,15.0,250.0,15.0,0.0,16.666666666666668,"{""walletId"":1,""changeGameId"":1,""displayDescriptionOnly"":""1"",""creditLessThan"":1}",FREE,0.0,,DAILY,,,,1.4738702003434807,1
https://ezaud.com,EzAud (AUD),REFER & EARN,10.0,200.0,20.0,0.0,20.0,"{""walletId"":1,""changeGameId"":1,""customBonus"":""sharebonus"",""creditLessThan"":0.1,""startDate"":""2024-12-01"",""displayDescriptionOnly"":""1""}",CUSTOM,0.0,,,,,,1.254796459217384,1
https://redspin88.com,RedSpin,[App] Daily Free,5.0,100.0,30.0,0.0,20.0,"{""mobileAppOnly"":""1"",""creditLessThan"":""0.01"",""displayDescriptionOnly"":""1"",""changeGameId"":1,""walletId"":1}",FREE,0.0,,DAILY,,,,1.353644485871592,1
https://redspin88.com,RedSpin,Daily Free Credit,3.0,50.0,30.0,0.0,16.666666666666668,"{""displayAngpaoText"":""1"",""displayDescriptionOnly"":""1"",""creditLessThan"":0.1,""changeGameId"":1,""walletId"":1}",FREE,0.0,,DAILY,,,,1.648314296546503,1
https://speed9.co,SPEED 9,SPEED 9 APP BONUS,3.0,100.0,20.0,0.0,33.333333333333336,"{""creditLessThan"":1,""displayDescriptionOnly"":""1"",""mobileAppOnly"":""1"",""displayAngpaoText"":""1"",""ignoreTrxAmount"":1,""walletId"":1,""changeGameId"":1,""offUsernames"":[""1A297A70"",""10171192"",""22602165"",""10767105"",""25282079""]}",FREE,0.0,,DAILY,,,,0.6144308843868765,1
https://wildspin24.com,Wildspin24,All Member Free,88.0,888.0,20.0,0.0,10.090909090909092,"{""creditLessThan"":0.1,""displayDescriptionOnly"":""1"",""changeGameId"":1,""walletId"":1}",FREE,0.0,,,,,,3.3943571169483695,1
https://wildspin24.com,Wildspin24,Daily Free Credit,10.0,150.0,15.0,0.0,15.0,"{""creditLessThan"":0.1,""displayDescriptionOnly"":""1"",""changeGameId"":1,""walletId"":1}",FREE,0.0,,DAILY,,,,1.637242382821673,1
https://wildspin24.com,Wildspin24,Hourly Free Credit,5.0,50.0,10.0,0.0,10.0,"{""creditLessThan"":0.1,""displayDescriptionOnly"":""1"",""changeGameId"":1,""walletId"":1}",FREE,0.0,,HOURLY,,,,2.248141548510455,1
https://weplay88.com,WePlay88,"<b style=""color:gold;"">⭐Ultimate Rewards Event</b>",888.0,4440.0,30.0,0.0,5.0,"{""creditLessThan"":0.1,""startDate"":""2025-10-29"",""displayDescriptionOnly"":""1"",""displayAngpaoText"":""0"",""changeGameId"":1,""walletId"":1}",FREE,0.0,,MONTHLY,,,,10.53410957239426,1
https://audgaming8.com,AUDGAMING,<b>Sharing Bonus</b>,10.0,300.0,50.0,0.0,30.0,"{""customBonus"":""sharebonus"",""creditLessThan"":1,""startDate"":""2023-07-31"",""displayDescriptionOnly"":""1"",""displayAngpaoText"":""1"",""walletId"":1,""changeGameId"":1}",CUSTOM,0.0,,,,,,0.9761898354482816,1
https://audgaming8.com,AUDGAMING,<b>Subscribe Bonus II</b>,30.0,600.0,30.0,0.0,20.0,"{""displayAngpaoText"":""0"",""displayDescriptionOnly"":""1"",""creditLessThan"":0.1,""mustJoinTelegramChannel"":""igaxspeedau33"",""walletId"":1,""changeGameId"":1}",FREE,0.0,,,,,,1.5207279252292714,1
https://auwin7.com,AUWIN7,App Download Free AUD3,3.0,100.0,17.0,0.0,33.333333333333336,"{""creditLessThan"":0.1,""displayDescriptionOnly"":""0"",""displayAngpaoText"":""0"",""mobileAppOnly"":""1"",""walletId"":1,""changeGameId"":1}",FREE,0.0,,,,,,0.5833209351345645,1
https://auwin7.com,AUWIN7,Daily Check In Bonus,16.88,377.0,17.0,0.0,22.334123222748815,"{""creditLessThan"":0.1,""mobileAppOnly"":""0"",""displayAngpaoText"":""0"",""displayDescriptionOnly"":""1"",""walletId"":1,""changeGameId"":1}",FREE,0.0,,DAILY,,,,1.0739686464676557,1
https://eebet9.com,EEBET9,"<b style=""color:#b3e9ff;"">SHARE & INVITE</b>",5.0,100.0,20.0,0.0,20.0,"{""customBonus"":""sharebonus"",""creditLessThan"":0.1,""startDate"":""2023-03-22"",""displayDescriptionOnly"":""1"",""maxCount"":1,""mobileAppOnly"":""1"",""walletId"":1,""changeGameId"":1}",CUSTOM,0.0,,,,,,1.200121248138004,1
https://pokies7bet.com,Pokies7bet,<b>365ᴅᴀʏꜱ ꜰʀᴇᴇ ᴄʀᴇᴅɪᴛ</b>,6.88,280.0,27.0,0.0,40.69767441860465,"{""creditLessThan"":1,""displayAngpaoText"":""1"",""displayDescriptionOnly"":""1"",""walletId"":1,""changeGameId"":1}",FREE,0.0,,DAILY,,,,0.5515316312204653,1
https://in8.one,IN8,New Register Free,198.0,2000.0,20.0,0.0,10.1010101010101,"{""displayDescriptionOnly"":""1"",""creditLessThan"":0.01,""walletId"":1,""changeGameId"":1}",FREE,0.0,,,,,,3.560592957296053,1
https://in8.one,IN8,FACEBOOK LIMITED BONUS,8.0,80.0,10.0,0.0,10.0,"{""displayDescriptionOnly"":""1"",""creditLessThan"":0.01,""walletId"":1,""changeGameId"":1}",FREE,0.0,,DAILY,,,,2.316654479144853,1
https://in8.one,IN8,TELEGRAM LIMITED BONUS,10.0,288.0,20.0,0.0,28.8,"{""displayDescriptionOnly"":""1"",""creditLessThan"":0.01,""walletId"":1,""changeGameId"":1}",FREE,0.0,,DAILY,,,,0.7954633400358477,1
https://unitedau.com,UnitedAu,<b>Download App Bonus</b>,20.0,500.0,5.0,0.0,25.0,"{""creditLessThan"":0.5,""displayDescriptionOnly"":""1"",""walletId"":1,""changeGameId"":1,""mobileAppOnly"":""1""}",FREE,0.0,,DAILY,,,,0.5846942029551774,1
https://unitedau.com,UnitedAu,<B>FREE 365</b>,5.0,100.0,0.05,0.0,20.0,"{""creditLessThan"":0.1,""displayDescriptionOnly"":""1"",""displayAngpaoText"":""1""}",FREE,0.0,,DAILY,,,,0.0192326100127747,1
https://unitedau.com,UnitedAu,<b>✅ DAILY HOURLY FREE,3.0,50.0,10.0,0.0,16.666666666666668,"{""creditLessThan"":0.1,""displayDescriptionOnly"":""1"",""walletId"":1,""changeGameId"":1,""displayAngpaoText"":""1""}",FREE,0.0,,HOURLY,,,,1.1509900370660882,1
https://unitedau.com,UnitedAu,<b>REFRESHING FREE</b>,88.0,600.0,15.0,0.0,6.818181818181818,"{""creditLessThan"":0.1,""displayDescriptionOnly"":""1"",""walletId"":1,""changeGameId"":1,""displayAngpaoText"":""1""}",FREE,0.0,,WEEKLY,,,,5.0460430296218215,1
https://unitedau.com,UnitedAu,<b>SHARE BONUS</b>,30.0,600.0,30.0,0.0,20.0,"{""customBonus"":""sharebonus"",""creditLessThan"":0.1,""startDate"":""2024-05-05"",""displayDescriptionOnly"":""1"",""displayAngpaoText"":""1"",""walletId"":1,""changeGameId"":1}",CUSTOM,0.0,,,,,,1.5207279252292714,1
https://1spinnwin.com,1SPIN&WIN,<b>Hourly Bonus</b>,15.0,200.0,5.0,0.0,13.333333333333334,"{""displayDescriptionOnly"":""1"",""displayAngpaoText"":""1"",""walletId"":1,""changeGameId"":1,""creditLessThan"":0.1,""resetHour"":2}",FREE,0.0,,HOURLY,,,,1.2588993529486476,1
https://ipay9aud.com,iPAY9,iPAY9 APP BONUS,20.0,300.0,20.0,0.0,15.0,"{""creditLessThan"":1,""displayDescriptionOnly"":""1"",""mobileAppOnly"":""1"",""displayAngpaoText"":""1"",""ignoreTrxAmount"":1,""walletId"":1,""changeGameId"":1}",FREE,0.0,,MONTHLY,,,,1.881391578715761,1
https://ipay9aud.com,iPAY9,FREE CHIPS,10.0,100.0,20.0,0.0,10.0,"{""mobileAppOnly"":""0"",""registerDate"":""2023-01-15"",""creditLessThan"":1,""displayDescriptionOnly"":""1"",""changeGameId"":1,""walletId"":1}",FREE,0.0,,MONTHLY,,,,2.9844257543630697,1
https://penguin88.club,PENGUIN88,<b>SHARE BONUS</b>,1.0,15.0,20.0,0.0,15.0,"{""customBonus"":""sharebonus"",""creditLessThan"":1,""startDate"":""2024-02-01"",""walletId"":1,""changeGameId"":1}",CUSTOM,0.0,,,,,,1.577501938388805,1
https://penguin88.club,PENGUIN88,<b>Download APP</b>,8.0,300.0,20.0,0.0,37.5,"{""walletId"":1,""changeGameId"":1,""creditLessThan"":""0.10"",""mobileAppOnly"":""1"",""displayDescriptionOnly"":""1"",""displayAngpaoText"":""1""}",FREE,0.0,,,,,,0.563652124200173,1
https://in8.one,IN8,New Register Free,198.0,2000.0,20.0,0.0,10.1010101010101,"{""displayDescriptionOnly"":""1"",""creditLessThan"":0.01,""walletId"":1,""changeGameId"":1}",FREE,0.0,,,,,,3.560592957296053,1
https://in8.one,IN8,FACEBOOK LIMITED BONUS,8.0,80.0,10.0,0.0,10.0,"{""displayDescriptionOnly"":""1"",""creditLessThan"":0.01,""walletId"":1,""changeGameId"":1}",FREE,0.0,,DAILY,,,,2.316654479144853,1
https://in8.one,IN8,TELEGRAM LIMITED BONUS,10.0,288.0,20.0,0.0,28.8,"{""displayDescriptionOnly"":""1"",""creditLessThan"":0.01,""walletId"":1,""changeGameId"":1}",FREE,0.0,,DAILY,,,,0.7954633400358477,1
https://jackpotau.com,JACKPOTAU,WELCOME BACK FREE,100.0,2000.0,20.0,0.0,20.0,"{""displayAngpaoText"":""0"",""walletId"":1,""changeGameId"":1,""displayDescriptionOnly"":""1""}",FREE,0.0,,MONTHLY,,,,1.4547966200963671,1
https://jackpotau.com,JACKPOTAU,Everyday Free Chip,10.0,100.0,15.0,0.0,10.0,"{""displayDescriptionOnly"":""1"",""walletId"":1,""changeGameId"":1,""displayAngpaoText"":""1""}",FREE,0.0,,DAILY,,,,2.717859814853726,1
https://tab9au.com,TAB9AU,<b>TAB9AU LUCKY #R</b>,777.0,7777.0,10.0,0.0,10.00900900900901,"{""creditLessThan"":0.1,""displayAngpaoText"":""1"",""displayDescriptionOnly"":""1"",""walletId"":1,""changeGameId"":1}",FREE,0.0,,DAILY,,,,3.066739001598801,1
https://richspinau.com,RICHSPINAU,<b>FREE 365</b>,5.0,100.0,10.0,0.0,20.0,"{""creditLessThan"":""0.01"",""displayDescriptionOnly"":""1"",""walletId"":1,""changeGameId"":1}",FREE,0.0,,DAILY,,,,0.9452270845626882,1
https://richspinau.com,RICHSPINAU,<b>Download App Bonus</b>,20.0,500.0,10.0,0.0,25.0,"{""displayDescriptionOnly"":""1"",""displayAngpaoText"":""1"",""mobileAppOnly"":""1"",""walletId"":1,""changeGameId"":1}",FREE,0.0,,DAILY,,,,0.7824908919849999,1
https://richspinau.com,RICHSPINAU,<b>▶️REFREH BONUS</b>,88.0,600.0,15.0,0.0,6.818181818181818,"{""creditLessThan"":0.1,""displayDescriptionOnly"":""1"",""walletId"":1,""changeGameId"":1,""displayAngpaoText"":""1""}",FREE,0.0,,WEEKLY,,,,5.0460430296218215,1
https://we1winau.com,We1winAU,<b>Daily Free Credit<b>,5.0,50.0,0.05,0.0,10.0,"{""displayDescriptionOnly"":""1"",""displayAngpaoText"":""1"",""creditLessThan"":0.1,""walletId"":1,""changeGameId"":1}",FREE,0.0,,DAILY,,,,0.0457431133345286,1
https://we1winau.com,We1winAU,<b>We1winAU Download APP Free<b>,20.0,200.0,10.0,0.0,10.0,"{""mobileAppOnly"":""1"",""displayAngpaoText"":""1"",""displayDescriptionOnly"":""1"",""creditLessThan"":0.1,""walletId"":1,""changeGameId"":1}",FREE,0.0,,,,,,2.4598255150108943,1
https://safeau.net,SafeAu,<b>Welcome Back</b>,168.0,3000.0,15.0,0.0,17.857142857142858,"{""creditLessThan"":0.01,""walletId"":1,""changeGameId"":1,""displayDescriptionOnly"":""1"",""displayAngpaoText"":""0""}",FREE,0.0,,,,,,1.5752023724444957,1
https://safeau.net,SafeAu,<b>Telegram Free Premium</b>,66.0,3000.0,66.0,0.0,45.45454545454545,"{""walletId"":1,""changeGameId"":1,""displayAngpaoText"":""0"",""displayDescriptionOnly"":""1"",""creditLessThan"":0.1,""registerDate"":""2022-01-01"",""mustJoinTelegramChannel"":""SafeAuChannel""}",FREE,0.0,,,,,,0.7016785189575544,1
https://cyberbet77.com,CYBERBET77,<b>Referral Bonus</b>,5.0,20.0,50.0,0.0,4.0,"{""customBonus"":""downlinedeposit"",""creditLessThan"":1,""startDate"":""2023-07-17"",""displayDescriptionOnly"":""1"",""displayAngpaoText"":""1""}",CUSTOM,0.0,,,20.0,,,11.58811245149604,1
https://jackpotau.com,JACKPOTAU,WELCOME BACK FREE,100.0,2000.0,20.0,0.0,20.0,"{""displayAngpaoText"":""0"",""walletId"":1,""changeGameId"":1,""displayDescriptionOnly"":""1""}",FREE,0.0,,MONTHLY,,,,1.4547966200963671,1
https://jackpotau.com,JACKPOTAU,Everyday Free Chip,10.0,100.0,15.0,0.0,10.0,"{""displayDescriptionOnly"":""1"",""walletId"":1,""changeGameId"":1,""displayAngpaoText"":""1""}",FREE,0.0,,DAILY,,,,2.717859814853726,1
https://tab9au.com,TAB9AU,<b>TAB9AU LUCKY #R</b>,777.0,7777.0,10.0,0.0,10.00900900900901,"{""creditLessThan"":0.1,""displayAngpaoText"":""1"",""displayDescriptionOnly"":""1"",""walletId"":1,""changeGameId"":1}",FREE,0.0,,DAILY,,,,3.066739001598801,1
https://1spinnwin.com,1SPIN&WIN,<b>Hourly Bonus</b>,15.0,200.0,5.0,0.0,13.333333333333334,"{""displayDescriptionOnly"":""1"",""displayAngpaoText"":""1"",""walletId"":1,""changeGameId"":1,""creditLessThan"":0.1,""resetHour"":2}",FREE,0.0,,HOURLY,,,,1.2588993529486476,1
https://ipay9aud.com,iPAY9,iPAY9 APP BONUS,20.0,300.0,20.0,0.0,15.0,"{""creditLessThan"":1,""displayDescriptionOnly"":""1"",""mobileAppOnly"":""1"",""displayAngpaoText"":""1"",""ignoreTrxAmount"":1,""walletId"":1,""changeGameId"":1}",FREE,0.0,,MONTHLY,,,,1.881391578715761,1
https://ipay9aud.com,iPAY9,FREE CHIPS,10.0,100.0,20.0,0.0,10.0,"{""mobileAppOnly"":""0"",""registerDate"":""2023-01-15"",""creditLessThan"":1,""displayDescriptionOnly"":""1"",""changeGameId"":1,""walletId"":1}",FREE,0.0,,MONTHLY,,,,2.9844257543630697,1
https://penguin88.club,PENGUIN88,<b>SHARE BONUS</b>,1.0,15.0,20.0,0.0,15.0,"{""customBonus"":""sharebonus"",""creditLessThan"":1,""startDate"":""2024-02-01"",""walletId"":1,""changeGameId"":1}",CUSTOM,0.0,,,,,,1.577501938388805,1
https://penguin88.club,PENGUIN88,<b>Download APP</b>,8.0,300.0,20.0,0.0,37.5,"{""walletId"":1,""changeGameId"":1,""creditLessThan"":""0.10"",""mobileAppOnly"":""1"",""displayDescriptionOnly"":""1"",""displayAngpaoText"":""1""}",FREE,0.0,,,,,,0.563652124200173,1
https://aus88win.com,Aus88Win,Special Daily Free,11.88,260.0,20.0,0.0,21.88552188552189,"{""creditLessThan"":0.1,""displayDescriptionOnly"":""1"",""mobileAppOnly"":""1"",""displayAngpaoText"":""1"",""walletId"":1,""changeGameId"":1}",FREE,0.0,,DAILY,,,,1.133868810775502,1
https://dd8au.com,DD8AU,DAILY FREE,500.0,10000.0,10.0,0.0,20.0,"{""creditLessThan"":0.1, ""displayDescriptionOnly"":""1"",""walletId"":1,""changeGameId"":1}",FREE,0.0,,DAILY,,,,1.2595888978752612,1
https://iw99au.com,IW99,<b>FREE 365 DAYS ALL SLOT<b>,5.0,100.0,0.05,0.0,20.0,"{""displayDescriptionOnly"":""1"",""displayAngpaoText"":""1"",""walletId"":1,""changeGameId"":1}",FREE,0.0,,DAILY,,,,0.0192326100127747,1
https://iw99au.com,IW99,<b>MOBILE APP PREE CREDIT</b>,10.0,150.0,0.05,0.0,15.0,"{""creditLessThan"":0.1,""displayDescriptionOnly"":""1"",""walletId"":1,""changeGameId"":1,""mobileAppOnly"":""1""}",FREE,0.0,,DAILY,,,,0.0288110977305321,1
https://iw99au.com,IW99,<b>JOIN TELEGRAM<b>,100.0,888.0,10.0,0.0,8.88,"{""displayAngpaoText"":""0"",""displayDescriptionOnly"":""1"",""mobileAppOnly"":""0"",""creditLessThan"":0.1,""registerDate"":""2023-01-01"",""mustJoinTelegramChannel"":""iW99audchannel"",""walletId"":1,""changeGameId"":1}",FREE,0.0,,,,,,3.161437519846701,1
https://royale9au.com,Royale9 Jernice,Checkin Sunday,19.0,410.0,15.0,0.0,21.57894736842105,"{""displayDescriptionOnly"":""1"",""displayAngpaoText"":""0"",""claimTime"":""N=07"",""walletId"":1,""changeGameId"":1}",FREE,0.0,,WEEKLY,,,,1.0838363548106638,1
https://zeroaud.com,ZERO,<b>Daily Free</b>,20.0,500.0,10.0,0.0,25.0,"{""creditLessThan"":""0.10"",""displayDescriptionOnly"":""1"",""changeGameId"":1,""walletId"":1}",FREE,0.0,,DAILY,,,,0.7824908919849999,1
https://zeroaud.com,ZERO,<b>July Special Extra Free AUD58</b>,58.0,888.0,13.0,0.0,15.310344827586206,"{""creditLessThan"":""0.10"",""displayDescriptionOnly"":""1"",""changeGameId"":1,""walletId"":1,""displayAngpaoText"":""0""}",FREE,0.0,,DAILY,,,,1.702415111858481,1
https://zeroaud.com,ZERO,<b>Download App Bonus</b>,30.0,700.0,10.0,0.0,23.333333333333332,"{""creditLessThan"":0.1,""displayDescriptionOnly"":""1"",""displayAngpaoText"":""1"",""mobileAppOnly"":""1"",""ignoreTrxAmount"":1,""changeGameId"":1,""walletId"":1}",FREE,0.0,,DAILY,,,,0.8757891750140593,1
https://zeroaud.com,ZERO,<b>Share Friends Get</b>,3.0,45.0,0.05,0.0,15.0,"{""customBonus"":""sharebonus"",""creditLessThan"":0.1,""startDate"":""2024-02-01"",""displayDescriptionOnly"":""1"",""displayAngpaoText"":""1"",""changeGameId"":1,""walletId"":1}",CUSTOM,0.0,,,,,,0.0267159422195756,1
https://fuckmate.co,FuckMate,New Share Bonus,2.0,20.0,15.0,0.0,10.0,"{""customBonus"":""sharebonus"",""creditLessThan"":0.1,""startDate"":""2023-07-29"",""walletId"":1,""changeGameId"":1,""displayAngpaoText"":""0"",""displayDescriptionOnly"":""1"",""initial_free_limit"":""0"",""deposit_free_limit"":""0"",""min_withdraw"":""10"",""max_withdraw"":""15""}",CUSTOM,0.0,,,,,,2.464009299685826,1
https://luckymate88.com,Luckymate88,Daily Free $5,5.0,100.0,3.99,0.0,20.0,"{""creditLessThan"":0.1,""mobileAppOnly"":""0"",""displayDescriptionOnly"":""1"",""displayAngpaoText"":""1"",""changeGameId"":1,""walletId"":1}",FREE,0.0,,DAILY,,,,0.6336356620086705,1
https://luckymate88.com,Luckymate88,(Download APP) Free $10,10.0,150.0,3.99,0.0,15.0,"{""creditLessThan"":0.1,""mobileAppOnly"":""1"",""displayDescriptionOnly"":""1"",""displayAngpaoText"":""1"",""changeGameId"":1,""walletId"":1}",FREE,0.0,,WEEKLY,,,,0.9492075683724848,1
https://iw99au.com,IW99,<b>FREE 365 DAYS ALL SLOT<b>,5.0,100.0,0.05,0.0,20.0,"{""displayDescriptionOnly"":""1"",""displayAngpaoText"":""1"",""walletId"":1,""changeGameId"":1}",FREE,0.0,,DAILY,,,,0.0192326100127747,1
https://iw99au.com,IW99,<b>MOBILE APP PREE CREDIT</b>,10.0,150.0,0.05,0.0,15.0,"{""creditLessThan"":0.1,""displayDescriptionOnly"":""1"",""walletId"":1,""changeGameId"":1,""mobileAppOnly"":""1""}",FREE,0.0,,DAILY,,,,0.0288110977305321,1
https://iw99au.com,IW99,<b>JOIN TELEGRAM<b>,100.0,888.0,10.0,0.0,8.88,"{""displayAngpaoText"":""0"",""displayDescriptionOnly"":""1"",""mobileAppOnly"":""0"",""creditLessThan"":0.1,""registerDate"":""2023-01-01"",""mustJoinTelegramChannel"":""iW99audchannel"",""walletId"":1,""changeGameId"":1}",FREE,0.0,,,,,,3.161437519846701,1
https://royale9au.com,Royale9 Jernice,Checkin Sunday,19.0,410.0,15.0,0.0,21.57894736842105,"{""displayDescriptionOnly"":""1"",""displayAngpaoText"":""0"",""claimTime"":""N=07"",""walletId"":1,""changeGameId"":1}",FREE,0.0,,WEEKLY,,,,1.0838363548106638,1
https://zeroaud.com,ZERO,<b>Daily Free</b>,20.0,500.0,10.0,0.0,25.0,"{""creditLessThan"":""0.10"",""displayDescriptionOnly"":""1"",""changeGameId"":1,""walletId"":1}",FREE,0.0,,DAILY,,,,0.7824908919849999,1
https://zeroaud.com,ZERO,<b>July Special Extra Free AUD58</b>,58.0,888.0,13.0,0.0,15.310344827586206,"{""creditLessThan"":""0.10"",""displayDescriptionOnly"":""1"",""changeGameId"":1,""walletId"":1,""displayAngpaoText"":""0""}",FREE,0.0,,DAILY,,,,1.702415111858481,1
https://zeroaud.com,ZERO,<b>Download App Bonus</b>,30.0,700.0,10.0,0.0,23.333333333333332,"{""creditLessThan"":0.1,""displayDescriptionOnly"":""1"",""displayAngpaoText"":""1"",""mobileAppOnly"":""1"",""ignoreTrxAmount"":1,""changeGameId"":1,""walletId"":1}",FREE,0.0,,DAILY,,,,0.8757891750140593,1
https://zeroaud.com,ZERO,<b>Share Friends Get</b>,3.0,45.0,0.05,0.0,15.0,"{""customBonus"":""sharebonus"",""creditLessThan"":0.1,""startDate"":""2024-02-01"",""displayDescriptionOnly"":""1"",""displayAngpaoText"":""1"",""changeGameId"":1,""walletId"":1}",CUSTOM,0.0,,,,,,0.0267159422195756,1
https://u88aud.com,U88AUD,<b>Daily Free Credit<b>,5.0,50.0,0.05,0.0,10.0,"{""displayDescriptionOnly"":""1"",""displayAngpaoText"":""1"",""creditLessThan"":0.1,""walletId"":1,""changeGameId"":1}",FREE,0.0,,DAILY,,,,0.0457431133345286,1
https://u88aud.com,U88AUD,<b>U88AUD Download APP Free<b>,20.0,200.0,10.0,0.0,10.0,"{""mobileAppOnly"":""1"",""displayAngpaoText"":""1"",""displayDescriptionOnly"":""0"",""creditLessThan"":0.1,""walletId"":1,""changeGameId"":1}",FREE,0.0,,,,,,2.4598255150108943,1
https://betman9.com,BETMAN9,BETMAN 9 x BNG,9.0,199.0,20.0,0.0,22.11111111111111,"{""mobileAppOnly"":""1"",""displayDescriptionOnly"":""1"",""displayAngpaoText"":""0"",""walletId"":1,""changeGameId"":1,""creditLessThan"":0.1}",FREE,0.0,,,,,,1.0992886789080416,1
https://mrpoint.co,MRPOINT,<b>Hourly Bonus</b>,15.0,200.0,5.0,0.0,13.333333333333334,"{""displayDescriptionOnly"":""1"",""displayAngpaoText"":""1"",""walletId"":1,""changeGameld"":1,""creditLessThan"":0.1,""resetHour"":2}",FREE,0.0,,HOURLY,,,,1.2588993529486476,1
https://cr33au.com,CR33,"<b style=""color:#;"">Daily Free Points</b>",3200.0,64000.0,15.0,0.0,20.0,"{""creditLessThan"":1,""mobileAppOnly"":""0"",""walletId"":1,""changeGameId"":1}",FREE,0.0,,DAILY,,,,1.6087605116993464,1
https://thestar.asia,TheStar,FREE SPIN 365 DAYS,377.0,3777.0,20.0,0.0,10.018567639257297,"{""creditLessThan"":0.1,""displayDescriptionOnly"":""1"",""displayAngpaoText"":""1"",""walletId"":1,""changeGameId"":1,""mobileAppOnly"":""0""}",FREE,0.0,,DAILY,,,,3.7345832540718886,1
https://thestar.asia,TheStar,App Free Bonus,777.0,7777.0,20.0,0.0,10.00900900900901,"{""creditLessThan"":0.1,""displayDescriptionOnly"":""1"",""displayAngpaoText"":""1"",""walletId"":1,""changeGameId"":1,""mobileAppOnly"":""1""}",FREE,0.0,,DAILY,,,,3.893729558135782,1
https://rolex9.net,Rolex9,Apps Daily Free,20.0,300.0,10.0,0.0,15.0,"{""creditLessThan"":1,""displayDescriptionOnly"":""1"",""mobileAppOnly"":""1"",""displayAngpaoText"":""1""}",FREE,0.0,,DAILY,,,,1.4818021759296418,1
https://rubyaud.com,RUBY,<b> Ruby Giveaway</b>,18.0,300.0,10.0,0.0,16.666666666666668,"{""creditLessThan"":0.1,""displayDescriptionOnly"":""1"",""walletId"":1,""changeGameId"":1}",FREE,0.0,,WEEKLY,,,,1.2900223937402764,1
https://rubyaud.com,RUBY,<b> Download Apps Free </b>,20.0,500.0,10.0,0.0,25.0,"{""creditLessThan"":0.1,""displayDescriptionOnly"":""1"",""walletId"":1,""changeGameId"":1,""mobileAppOnly"":""1""}",FREE,0.0,,DAILY,,,,0.7824908919849999,1
https://maxspin7.com,MaxSpin7,<b>Mobile App Bonus<b>,5.0,200.0,20.0,0.0,40.0,"{""customBonus"":""manual"",""mobileAppOnly"":""1"",""displayDescriptionOnly"":""1"",""displayAngpaoText"":""1"",""fixRT"":1,""changeGameId"":1,""walletId"":1}",FREE,0.0,,,,,,0.5045888277145305,1
https://cr33au.com,CR33,"<b style=""color:#;"">Daily Free Points</b>",3200.0,64000.0,15.0,0.0,20.0,"{""creditLessThan"":1,""mobileAppOnly"":""0"",""walletId"":1,""changeGameId"":1}",FREE,0.0,,DAILY,,,,1.6087605116993464,1
https://harbour33.com,HARBOUR33,<b>⭐Harbour33 Mega Event </b>,88.0,1000.0,15.0,0.0,11.363636363636363,"{""creditLessThan"":0.1,""walletId"":1,""changeGameId"":1,""displayDescriptionOnly"":""1"",""registerBeforeDate"":""2026-04-30"",""displayAngpaoText"":""1""}",FREE,0.0,,,,,,2.6646490168407952,1
https://harbour33.com,HARBOUR33,<b>⭐DAILY HOUR FREE,4.0,50.0,10.0,0.0,12.5,"{""creditLessThan"":0.1,""walletId"":1,""changeGameId"":1,""displayAngpaoText"":""1"",""displayDescriptionOnly"":""1""}",FREE,0.0,,HOURLY,,,,1.6776200232700398,1
https://rubyaud.com,RUBY,<b> Ruby Giveaway</b>,18.0,300.0,10.0,0.0,16.666666666666668,"{""creditLessThan"":0.1,""displayDescriptionOnly"":""1"",""walletId"":1,""changeGameId"":1}",FREE,0.0,,WEEKLY,,,,1.2900223937402764,1
https://rubyaud.com,RUBY,<b> Download Apps Free </b>,20.0,500.0,10.0,0.0,25.0,"{""creditLessThan"":0.1,""displayDescriptionOnly"":""1"",""walletId"":1,""changeGameId"":1,""mobileAppOnly"":""1""}",FREE,0.0,,DAILY,,,,0.7824908919849999,1
https://maxspin7.com,MaxSpin7,<b>Mobile App Bonus<b>,5.0,200.0,20.0,0.0,40.0,"{""customBonus"":""manual"",""mobileAppOnly"":""1"",""displayDescriptionOnly"":""1"",""displayAngpaoText"":""1"",""fixRT"":1,""changeGameId"":1,""walletId"":1}",FREE,0.0,,,,,,0.5045888277145305,1
https://jk123au.com,Gday123 Australia,"GDAY, FREE’S YOURS!",7.0,350.0,30.0,0.0,50.0,"{""creditLessThan"":0.5,""displayDescriptionOnly"":""1"",""displayAngpaoText"":""1"",""mobileAppOnly"":""0"",""walletId"":1,""changeGameId"":1,""offUsernames"":[""392576581"",""396299827"",""A016A2116""]}",FREE,0.0,,,,,,0.4399163521568864,1
https://keno99.com,Keno99,<b>Daily Free Point</b>,3200.0,0.0,15.0,64000.0,0.0,"{""creditLessThan"":1,""mobileAppOnly"":""0"",""walletId"":1,""changeGameId"":1,""displayAngpaoText"":""1"",""displayDescriptionOnly"":""1""}",FREE,0.0,,DAILY,,,,2.0881815322696407e-08,1
https://candymommy.co,CANDYMOMMY,"<b style=""color:black;"">NEW REGISTER FREE</b>",200.0,4000.0,20.0,0.0,20.0,"{""creditLessThan"":0.1,""displayDescriptionOnly"":""1"",""registerDate"":""2022-05-06"",""walletId"":1,""changeGameId"":1}",FREE,0.0,,,,,,1.5168728522373116,1
https://candymommy.co,CANDYMOMMY,"<b style=""color:black;"">HOURLY BONUS</b>",15.0,200.0,5.0,0.0,13.333333333333334,"{""displayDescriptionOnly"":""1"",""displayAngpaoText"":""1"",""walletId"":1,""changeGameId"":1,""creditLessThan"":0.1,""resetHour"":2}",FREE,0.0,,HOURLY,,,,1.2588993529486476,1
https://riches88.live,RICHES88,<b>⭐DAILY HOUR FREE,3.0,50.0,10.0,0.0,16.666666666666668,"{""creditLessThan"":0.1,""walletId"":1,""changeGameId"":1,""displayAngpaoText"":""1"",""displayDescriptionOnly"":""1""}",FREE,0.0,,HOURLY,,,,1.1509900370660882,1
https://riches88.live,RICHES88,<b>TELEGRAM FREE</b>,100.0,800.0,10.0,0.0,8.0,"{""mustJoinTelegramChannel"":""riches88au"",""changeGameld"":1,""displayDescriptionOnly"":""1"",""changeGameId"":1,""walletId"":1}",FREE,0.0,,,,,,3.6019553639448203,1
https://mrbet9au.info,MrBet9au,<b>Ultra Daily FREE</b> <b>#R</b>,888.0,8888.0,10.0,0.0,10.00900900900901,"{""creditLessThan"":0.1,""startDate"":""2025-04-03"",""displayDescriptionOnly"":""1"",""walletId"":1,""changeGameId"":1,""mobileAppOnly"":""1""}",FREE,0.0,,DAILY,,,,3.0892497883969123,1
https://neolux.vip,NEOLUX,"<b style=""color:#686A6C;"">365 DAY X2 FREE</b>",10.0,150.0,5.0,0.0,15.0,"{""creditLessThan"":0.1,""walletId"":1,""changeGameid"":1,""displayDescriptionOnly"":""1"",""changeGameId"":1}",FREE,0.0,,DAILY,,,,1.0580525410463435,1
https://audwin9.com,AUDWIN9,VIP Daily Free Credit $19.99,19.99,139.0,9.0,0.0,6.953476738369186,"{""creditLessThan"":0.5,""displayDescriptionOnly"":""1"",""offUsernames"":[""195295275"",""185529750""],""displayAngpaoText"":""0"",""changeGameId"":1,""walletId"":1}",FREE,0.0,,DAILY,,,,3.719829734402207,1
https://audwin9.com,AUDWIN9,SHARE 1 MEMBER GET AUD 9,9.0,27.0,9.0,0.0,3.0,"{""customBonus"":""sharebonus"",""creditLessThan"":0.1,""startDate"":""2024-06-28"",""mobileAppOnly"":""0"",""displayDescriptionOnly"":""1"",""walletId"":1,""changeGameId"":1,""maxCount"":1}",CUSTOM,0.0,,,,,,10.09647804665611,1
https://jw8au.com,JW8AU,<b>App Bonus</b>,88.0,3888.0,38.0,0.0,44.18181818181818,"{""creditLessThan"":0.1,""displayDescriptionOnly"":""1"",""registerDate"":""2023-01-01"",""walletId"":1,""changeGameId"":1,""displayAngpaoText"":""1"",""mobileAppOnly"":""1""}",FREE,0.0,,,,,,0.6449116816413177,1
https://jw8au.com,JW8AU,<b>Ultra Daily FREE</b> <b>#R</b>,888.0,8888.0,10.0,0.0,10.00900900900901,"{""creditLessThan"":0.01,""startDate"":""2024-04-03"",""displayDescriptionOnly"":""1"",""walletId"":1,""changeGameId"":1,""mobileAppOnly"":""1""}",FREE,0.0,,DAILY,,,,3.0892497883969123,1
https://win99aud.com,WIN99AUD,<b>Apps Angpao $5</b>,5.0,200.0,20.0,0.0,40.0,"{""displayDescriptionOnly"":""1"",""displayAngpaoText"":""1"",""mobileAppOnly"":""1"",""walletId"":1,""changeGameId"":1}",FREE,0.0,,,,,,0.5045888277145305,1
https://win99aud.com,WIN99AUD,<b>FREE 365 DAY</b>,20.0,600.0,15.0,0.0,30.0,"{""creditLessThan"":0.1,""displayDescriptionOnly"":""1"",""displayAngpaoText"":""1"",""changeGameId"":1,""walletId"":1}",FREE,0.0,,DAILY,,,,0.7203739083272979,1
https://win99aud.com,WIN99AUD,<b>Telegram Free $100<b>,100.0,1000.0,15.0,0.0,10.0,"{""displayAngpaoText"":""0"",""displayDescriptionOnly"":""1"",""creditLessThan"":0.1,""registerDate"":""2024-01-01"",""mobileAppOnly"":""0"",""mustJoinTelegramChannel"":""Aus55Channel"",""changeGameId"":1,""walletId"":1}",FREE,0.0,,,,,,3.151055490713614,1
https://starspin996.com,StarSpin996,<b>Starspin996 APP BONUS</b>,30.0,600.0,30.0,0.0,20.0,"{""creditLessThan"":1,""displayDescriptionOnly"":""1"",""mobileAppOnly"":""1"",""displayAngpaoText"":""1"",""ignoreTrxAmount"":1,""startDate"":""2026-03-09""}",FREE,0.0,,DAILY,30.0,,,1.5207279252292714,1
https://ubet66aus.com,UBET66AUS,REJOIN FREE CREDIT,16.66,366.0,20.0,0.0,21.968787515006003,"{""creditLessThan"":0.1,""mobileAppOnly"":""1"",""displayAngpaoText"":""0""}",FREE,0.0,,MONTHLY,,,,1.153817077643568,1
https://audwin9.com,AUDWIN9,VIP Daily Free Credit $19.99,19.99,139.0,9.0,0.0,6.953476738369186,"{""creditLessThan"":0.5,""displayDescriptionOnly"":""1"",""offUsernames"":[""195295275"",""185529750""],""displayAngpaoText"":""0"",""changeGameId"":1,""walletId"":1}",FREE,0.0,,DAILY,,,,3.719829734402207,1
https://audwin9.com,AUDWIN9,SHARE 1 MEMBER GET AUD 9,9.0,27.0,9.0,0.0,3.0,"{""customBonus"":""sharebonus"",""creditLessThan"":0.1,""startDate"":""2024-06-28"",""mobileAppOnly"":""0"",""displayDescriptionOnly"":""1"",""walletId"":1,""changeGameId"":1,""maxCount"":1}",CUSTOM,0.0,,,,,,10.09647804665611,1
https://jw8au.com,JW8AU,<b>App Bonus</b>,88.0,3888.0,38.0,0.0,44.18181818181818,"{""creditLessThan"":0.1,""displayDescriptionOnly"":""1"",""registerDate"":""2023-01-01"",""walletId"":1,""changeGameId"":1,""displayAngpaoText"":""1"",""mobileAppOnly"":""1""}",FREE,0.0,,,,,,0.6449116816413177,1
https://jw8au.com,JW8AU,<b>Ultra Daily FREE</b> <b>#R</b>,888.0,8888.0,10.0,0.0,10.00900900900901,"{""creditLessThan"":0.01,""startDate"":""2024-04-03"",""displayDescriptionOnly"":""1"",""walletId"":1,""changeGameId"":1,""mobileAppOnly"":""1""}",FREE,0.0,,DAILY,,,,3.0892497883969123,1
https://candymommy.co,CANDYMOMMY,"<b style=""color:black;"">NEW REGISTER FREE</b>",200.0,4000.0,20.0,0.0,20.0,"{""creditLessThan"":0.1,""displayDescriptionOnly"":""1"",""registerDate"":""2022-05-06"",""walletId"":1,""changeGameId"":1}",FREE,0.0,,,,,,1.5168728522373116,1
https://candymommy.co,CANDYMOMMY,"<b style=""color:black;"">HOURLY BONUS</b>",15.0,200.0,5.0,0.0,13.333333333333334,"{""displayDescriptionOnly"":""1"",""displayAngpaoText"":""1"",""walletId"":1,""changeGameId"":1,""creditLessThan"":0.1,""resetHour"":2}",FREE,0.0,,HOURLY,,,,1.2588993529486476,1
https://riches88.live,RICHES88,<b>⭐DAILY HOUR FREE,3.0,50.0,10.0,0.0,16.666666666666668,"{""creditLessThan"":0.1,""walletId"":1,""changeGameId"":1,""displayAngpaoText"":""1"",""displayDescriptionOnly"":""1""}",FREE,0.0,,HOURLY,,,,1.1509900370660882,1
https://riches88.live,RICHES88,<b>TELEGRAM FREE</b>,100.0,800.0,10.0,0.0,8.0,"{""mustJoinTelegramChannel"":""riches88au"",""changeGameld"":1,""displayDescriptionOnly"":""1"",""changeGameId"":1,""walletId"":1}",FREE,0.0,,,,,,3.6019553639448203,1
https://mrbet9au.info,MrBet9au,<b>Ultra Daily FREE</b> <b>#R</b>,888.0,8888.0,10.0,0.0,10.00900900900901,"{""creditLessThan"":0.1,""startDate"":""2025-04-03"",""displayDescriptionOnly"":""1"",""walletId"":1,""changeGameId"":1,""mobileAppOnly"":""1""}",FREE,0.0,,DAILY,,,,3.0892497883969123,1
https://ubet66aus.com,UBET66AUS,REJOIN FREE CREDIT,16.66,366.0,20.0,0.0,21.968787515006003,"{""creditLessThan"":0.1,""mobileAppOnly"":""1"",""displayAngpaoText"":""0""}",FREE,0.0,,MONTHLY,,,,1.153817077643568,1
https://ss9au.net,SS9AU,Daily No Deposit Boost,10.0,199.0,10.0,0.0,19.9,"{""displayDescriptionOnly"":""1"",""mobileAppOnly"":""1"",""displayAngpaoText"":""1"",""creditLessThan"":0.1,""ignoreTrxAmount"":1,""startDate"":""2026-01-23"",""changeGameId"":1,""walletId"":1}",FREE,0.0,,DAILY,,,,0.9945015538788536,1
https://play369.co,PLAY369,<b>Daily Free $5,5.0,150.0,15.0,0.0,30.0,"{""creditLessThan"":0.1,""displayDescriptionOnly"":""1""}",FREE,0.0,,DAILY,,,,0.6583810534082891,1
https://hb88au.com,HB88 PayID Casino Australia,<b>IOS & ANDROID APPS BONUS</b>,18.0,388.0,18.0,0.0,21.555555555555557,"{""creditLessThan"":1,""displayDescriptionOnly"":""1"",""mobileAppOnly"":""1"",""walletId"":1,""changeGameId"":1,""displayAngpaoText"":""0""}",FREE,0.0,,,,,,1.1485013436929892,1
https://spinup77.com,SPINUP77,<b>Only Fan 【Limited】</b>,10.0,199.0,10.0,0.0,19.9,"{""maxRoundTargetAll"":1,""displayDescriptionOnly"":""1"",""creditLessThan"":0.1,""changeGameId"":1,""walletId"":1}",FREE,0.0,,DAILY,,,,0.9945015538788536,1
https://spinup77.com,SPINUP77,<b>Daily Free</b>,27.0,577.0,10.0,0.0,21.37037037037037,"{""creditLessThan"":0.1,""displayDescriptionOnly"":""1"",""ignoreTrxAmount"":1,""changeGameId"":1,""walletId"":1}",FREE,0.0,,DAILY,,,,0.9708184036084224,1
https://spinup77.com,SPINUP77,<b>Download App Bonus</b>,27.0,577.0,10.0,0.0,21.37037037037037,"{""creditLessThan"":0.1,""displayDescriptionOnly"":""1"",""displayAngpaoText"":""1"",""mobileAppOnly"":""1"",""ignoreTrxAmount"":1,""changeGameId"":1,""walletId"":1}",FREE,0.0,,DAILY,,,,0.9708184036084224,1
https://win99aud.com,WIN99AUD,<b>Apps Angpao $5</b>,5.0,200.0,20.0,0.0,40.0,"{""displayDescriptionOnly"":""1"",""displayAngpaoText"":""1"",""mobileAppOnly"":""1"",""walletId"":1,""changeGameId"":1}",FREE,0.0,,,,,,0.5045888277145305,1
https://win99aud.com,WIN99AUD,<b>FREE 365 DAY</b>,20.0,600.0,15.0,0.0,30.0,"{""creditLessThan"":0.1,""displayDescriptionOnly"":""1"",""displayAngpaoText"":""1"",""changeGameId"":1,""walletId"":1}",FREE,0.0,,DAILY,,,,0.7203739083272979,1
https://win99aud.com,WIN99AUD,<b>Telegram Free $100<b>,100.0,1000.0,15.0,0.0,10.0,"{""displayAngpaoText"":""0"",""displayDescriptionOnly"":""1"",""creditLessThan"":0.1,""registerDate"":""2024-01-01"",""mobileAppOnly"":""0"",""mustJoinTelegramChannel"":""Aus55Channel"",""changeGameId"":1,""walletId"":1}",FREE,0.0,,,,,,3.151055490713614,1
https://starspin996.com,StarSpin996,<b>Starspin996 APP BONUS</b>,30.0,600.0,30.0,0.0,20.0,"{""creditLessThan"":1,""displayDescriptionOnly"":""1"",""mobileAppOnly"":""1"",""displayAngpaoText"":""1"",""ignoreTrxAmount"":1,""startDate"":""2026-03-09""}",FREE,0.0,,DAILY,30.0,,,1.5207279252292714,1
https://betworld168.vip,BetWorld168.vip,<b>Mobile App Bonus<b>,5.0,200.0,20.0,0.0,40.0,"{""customBonus"":""manual"",""mobileAppOnly"":""1"",""displayDescriptionOnly"":""1"",""displayAngpaoText"":""1"",""fixRT"":1,""walletId"":1,""changeGameId"":1,""creditLessThan"":0.1}",FREE,0.0,,,,,,0.5045888277145305,1
https://aus4win.com,SS9AU,Daily No Deposit Boost,10.0,199.0,10.0,0.0,19.9,"{""displayDescriptionOnly"":""1"",""mobileAppOnly"":""1"",""displayAngpaoText"":""1"",""creditLessThan"":0.1,""ignoreTrxAmount"":1,""startDate"":""2026-01-23"",""changeGameId"":1,""walletId"":1}",FREE,0.0,,DAILY,,,,0.9945015538788536,1
https://pp99au.com,PP99,PP99 REBATE BALANCE REDEMPTION,5.0,288.88,50.0,0.0,57.776,"{""customBonus"":""manual"",""maxWithdrawTimeAmount"":1,""fixRT"":1,""displayDescriptionOnly"":""1"",""showIfAmount"":1}",CUSTOM,0.0,,,,,,0.4115317540420936,1
https://pp99au.com,PP99,APPS DAILY FREE,30.0,600.0,20.0,0.0,20.0,"{""creditLessThan"":1,""walletId"":1,""changeGameId"":1,""displayDescriptionOnly"":""1"",""displayAngpaoText"":""1"",""mobileAppOnly"":""1""}",FREE,0.0,,DAILY,,,,1.3482549626236184,1
https://pokiesbillion.com,POKIESBILLION,<b>Download PokiesBillion APK</b>,20.0,450.0,10.0,0.0,22.5,"{""creditLessThan"":0.1,""displayDescriptionOnly"":""1"",""registerDate"":""2024-06-17"",""walletId"":1,""changeGameId"":1,""mobileAppOnly"":""1"",""displayAngpaoText"":""1""}",FREE,0.0,,DAILY,,,,0.8926396100823013,1
https://pokiesbillion.com,POKIESBILLION,<b>▶️Billion Appreciate 1</b>,38.0,500.0,10.0,0.0,13.157894736842104,"{""creditLessThan"":0.1,""displayDescriptionOnly"":""1"",""walletId"":1,""changeGameId"":1,""displayAngpaoText"":""1""}",FREE,0.0,,WEEKLY,,,,1.8197314677822884,1
https://crown155au.com,Original Crownzo Online Casino Australia,<b> Rebrand Bonus</b>,58.0,870.0,20.0,0.0,15.0,"{""creditLessThan"":1,""displayDescriptionOnly"":""1"",""walletId"":1,""changeGameId"":1,""displayAngpaoText"":""0""}",FREE,0.0,,,,,,2.0148975164535674,1
https://luxeau777.com,LUXEAU777,<b>Luxury Event Giveaway</b>,18.0,250.0,10.0,0.0,13.88888888888889,"{""displayDescriptionOnly"":""1"",""walletId"":1,""changeGameId"":1}",FREE,0.0,,WEEKLY,,,,1.6202193214695504,1
https://luxeau777.com,LUXEAU777,<b>Download Luxeau777 APK</b>,20.0,450.0,10.0,0.0,22.5,"{""creditLessThan"":0.1,""displayDescriptionOnly"":""1"",""registerDate"":""2024-06-17"",""walletId"":1,""changeGameId"":1,""mobileAppOnly"":""1"",""displayAngpaoText"":""1""}",FREE,0.0,,DAILY,,,,0.8926396100823013,1
https://cashnet99.com,CASHNET,Daily Free Credit,3.0,50.0,30.0,0.0,16.666666666666668,"{""displayAngpaoText"":""1"",""displayDescriptionOnly"":""1"",""creditLessThan"":0.1,""changeGameId"":1,""walletId"":1}",FREE,0.0,,DAILY,,,,1.648314296546503,1
https://cashnet99.com,CASHNET,[App] Daily Free Credit,5.0,100.0,30.0,0.0,20.0,"{""mobileAppOnly"":""1"",""changeGameId"":1,""walletId"":1}",FREE,0.0,,DAILY,,,,1.353644485871592,1
https://pp99au.com,PP99,PP99 REBATE BALANCE REDEMPTION,5.0,288.88,50.0,0.0,57.776,"{""customBonus"":""manual"",""maxWithdrawTimeAmount"":1,""fixRT"":1,""displayDescriptionOnly"":""1"",""showIfAmount"":1}",CUSTOM,0.0,,,,,,0.4115317540420936,1
https://pp99au.com,PP99,APPS DAILY FREE,30.0,600.0,20.0,0.0,20.0,"{""creditLessThan"":1,""walletId"":1,""changeGameId"":1,""displayDescriptionOnly"":""1"",""displayAngpaoText"":""1"",""mobileAppOnly"":""1""}",FREE,0.0,,DAILY,,,,1.3482549626236184,1
https://play369.co,PLAY369,<b>Daily Free $5,5.0,150.0,15.0,0.0,30.0,"{""creditLessThan"":0.1,""displayDescriptionOnly"":""1""}",FREE,0.0,,DAILY,,,,0.6583810534082891,1
https://hb88au.com,HB88 PayID Casino Australia,<b>IOS & ANDROID APPS BONUS</b>,18.0,388.0,18.0,0.0,21.555555555555557,"{""creditLessThan"":1,""displayDescriptionOnly"":""1"",""mobileAppOnly"":""1"",""walletId"":1,""changeGameId"":1,""displayAngpaoText"":""0""}",FREE,0.0,,,,,,1.1485013436929892,1
https://spinup77.com,SPINUP77,<b>Only Fan 【Limited】</b>,10.0,199.0,10.0,0.0,19.9,"{""maxRoundTargetAll"":1,""displayDescriptionOnly"":""1"",""creditLessThan"":0.1,""changeGameId"":1,""walletId"":1}",FREE,0.0,,DAILY,,,,0.9945015538788536,1
https://cashnet99.com,CASHNET,Daily Free Credit,3.0,50.0,30.0,0.0,16.666666666666668,"{""displayAngpaoText"":""1"",""displayDescriptionOnly"":""1"",""creditLessThan"":0.1,""changeGameId"":1,""walletId"":1}",FREE,0.0,,DAILY,,,,1.648314296546503,1
https://cashnet99.com,CASHNET,[App] Daily Free Credit,5.0,100.0,30.0,0.0,20.0,"{""mobileAppOnly"":""1"",""changeGameId"":1,""walletId"":1}",FREE,0.0,,DAILY,,,,1.353644485871592,1
https://dns33.com,DNS33,DOWNLINE GAIN & WITHDRAW AUD 30,8.0,240.0,30.0,0.0,30.0,"{""customBonus"":""sharebonus"",""creditLessThan"":0.5,""startDate"":""2023-11-21"",""displayDescriptionOnly"":""1"",""displayAngpaoText"":""1"",""walletId"":1,""changeGameId"":1}",CUSTOM,0.0,,DAILY,,,,0.8402879928088312,1
https://ispeed88au.com,ISPEED88,<b>FREE 365 Days<b>,88.0,288.0,15.0,0.0,3.272727272727273,"{""creditLessThan"":0.1,""displayDescriptionOnly"":""1"",""mobileAppOnly"":""0"",""displayAngpaoText"":""0"",""walletId"":1,""changeGameId"":1}",FREE,0.0,,DAILY,,,,12.629885195615032,1
https://ispeed88au.com,ISPEED88,<b>JOIN TELEGRAM<b>,100.0,888.0,10.0,0.0,8.88,"{""displayAngpaoText"":""0"",""displayDescriptionOnly"":""1"",""mobileAppOnly"":""0"",""creditLessThan"":0.1,""registerDate"":""2023-01-01"",""mustJoinTelegramChannel"":""ispeedchannel88"",""walletId"":1,""changeGameId"":1}",FREE,0.0,,,,,,3.161437519846701,1
https://world99aud.com,WORLD99,<b>Only Fan【Limited】</b>,10.0,199.0,10.0,0.0,19.9,"{""maxRoundTargetAll"":1,""displayDescriptionOnly"":""1"",""creditLessThan"":0.1,""changeGameId"":1,""walletId"":1}",FREE,0.0,,DAILY,,,,0.9945015538788536,1
https://world99aud.com,WORLD99,<b>Download App Bonus</b>,20.0,499.0,10.0,0.0,24.95,"{""creditLessThan"":0.1,""displayDescriptionOnly"":""1"",""displayAngpaoText"":""1"",""mobileAppOnly"":""1"",""ignoreTrxAmount"":1,""changeGameId"":1,""walletId"":1}",FREE,0.0,,DAILY,,,,0.7844515302831455,1
https://play77au.com,PLAY77,DAILY CHECK IN : DAY 7,5.0,100.0,10.0,0.0,20.0,"{""claimTime"":""N=7"",""creditLessThan"":0.1,""maxRoundTargetAll"":500,""displayAngpaoText"":""0"",""walletId"":1,""changeGameId"":1,""displayDescriptionOnly"":""1""}",FREE,0.0,,DAILY,,,,0.9452270845626882,1
https://skyspin96.co,SKYSPIN96,CHECK-IN SUNDAY,28.0,600.0,15.0,0.0,21.428571428571427,"{""walletId"":1,""changeGameId"":1,""maxWithdrawTimeDeposit"":1,""creditLessThan"":1,""displayDescriptionOnly"":""1"",""claimTime"":""N=7""}",FREE,0.0,,DAILY,,,,1.1213525228248111,1
https://trust88au.com,ITRUST88,<B>Daily Free Credit,20.0,300.0,15.0,0.0,15.0,"{""creditLessThan"":0.1,""displayDescriptionOnly"":""1"",""changeGameId"":1,""walletId"":1}",FREE,0.0,,DAILY,,,,1.713347554490281,1
https://trust88au.com,ITRUST88,<b>Hourly Free Credit,5.0,50.0,10.0,0.0,10.0,"{""creditLessThan"":0.1,""displayDescriptionOnly"":""1"",""changeGameId"":1,""walletId"":1}",FREE,0.0,,HOURLY,,,,2.248141548510455,1
https://topaz33.com,TOPAZ33,<b>FREE 365</b>,5.0,200.0,20.0,0.0,40.0,"{""creditLessThan"":0.1,""displayDescriptionOnly"":""1"",""walletId"":1,""changeGameid"":1}",FREE,0.0,,DAILY,,,,0.5045888277145305,1
https://topaz33.com,TOPAZ33,<b>⭐DAILY HOUR FREE,3.0,50.0,10.0,0.0,16.666666666666668,"{""creditLessThan"":0.1,""walletId"":1,""changeGameId"":1,""displayAngpaoText"":""1"",""displayDescriptionOnly"":""1""}",FREE,0.0,,HOURLY,,,,1.1509900370660882,1
https://ispeed88au.com,ISPEED88,<b>FREE 365 Days<b>,88.0,288.0,15.0,0.0,3.272727272727273,"{""creditLessThan"":0.1,""displayDescriptionOnly"":""1"",""mobileAppOnly"":""0"",""displayAngpaoText"":""0"",""walletId"":1,""changeGameId"":1}",FREE,0.0,,DAILY,,,,12.629885195615032,1
https://ispeed88au.com,ISPEED88,<b>JOIN TELEGRAM<b>,100.0,888.0,10.0,0.0,8.88,"{""displayAngpaoText"":""0"",""displayDescriptionOnly"":""1"",""mobileAppOnly"":""0"",""creditLessThan"":0.1,""registerDate"":""2023-01-01"",""mustJoinTelegramChannel"":""ispeedchannel88"",""walletId"":1,""changeGameId"":1}",FREE,0.0,,,,,,3.161437519846701,1
https://pokiesbillion.com,POKIESBILLION,<b>Download PokiesBillion APK</b>,20.0,450.0,10.0,0.0,22.5,"{""creditLessThan"":0.1,""displayDescriptionOnly"":""1"",""registerDate"":""2024-06-17"",""walletId"":1,""changeGameId"":1,""mobileAppOnly"":""1"",""displayAngpaoText"":""1""}",FREE,0.0,,DAILY,,,,0.8926396100823013,1
https://pokiesbillion.com,POKIESBILLION,<b>▶️Billion Appreciate 1</b>,38.0,500.0,10.0,0.0,13.157894736842104,"{""creditLessThan"":0.1,""displayDescriptionOnly"":""1"",""walletId"":1,""changeGameId"":1,""displayAngpaoText"":""1""}",FREE,0.0,,WEEKLY,,,,1.8197314677822884,1
https://crown155au.com,Original Crownzo Online Casino Australia,<b> Rebrand Bonus</b>,58.0,870.0,20.0,0.0,15.0,"{""creditLessThan"":1,""displayDescriptionOnly"":""1"",""walletId"":1,""changeGameId"":1,""displayAngpaoText"":""0""}",FREE,0.0,,,,,,2.0148975164535674,1
https://luxeau777.com,LUXEAU777,<b>Luxury Event Giveaway</b>,18.0,250.0,10.0,0.0,13.88888888888889,"{""displayDescriptionOnly"":""1"",""walletId"":1,""changeGameId"":1}",FREE,0.0,,WEEKLY,,,,1.6202193214695504,1
https://luxeau777.com,LUXEAU777,<b>Download Luxeau777 APK</b>,20.0,450.0,10.0,0.0,22.5,"{""creditLessThan"":0.1,""displayDescriptionOnly"":""1"",""registerDate"":""2024-06-17"",""walletId"":1,""changeGameId"":1,""mobileAppOnly"":""1"",""displayAngpaoText"":""1""}",FREE,0.0,,DAILY,,,,0.8926396100823013,1
https://trust88au.com,ITRUST88,<B>Daily Free Credit,20.0,300.0,15.0,0.0,15.0,"{""creditLessThan"":0.1,""displayDescriptionOnly"":""1"",""changeGameId"":1,""walletId"":1}",FREE,0.0,,DAILY,,,,1.713347554490281,1
https://trust88au.com,ITRUST88,<b>Hourly Free Credit,5.0,50.0,10.0,0.0,10.0,"{""creditLessThan"":0.1,""displayDescriptionOnly"":""1"",""changeGameId"":1,""walletId"":1}",FREE,0.0,,HOURLY,,,,2.248141548510455,1
https://vip77.club,VIP77,⭐ VIP77 ⭐ DOWNLINE CONTRIBUTION $30 GET,10.0,200.0,20.0,0.0,20.0,"{""customBonus"":""downlinedeposit"",""creditLessThan"":0.5,""startDate"":""2023-11-21"",""displayDescriptionOnly"":""1"",""walletId"":1,""changeGameId"":1}",CUSTOM,0.0,,DAILY,30.0,,,1.254796459217384,1
https://rtpvictory88.com,RTPVICTORY88,<b>WELCOME BACK FREE<b>,100.0,300.0,20.0,0.0,3.0,"{""creditLessThan"":0.1,""displayDescriptionOnly"":""1"",""registerBeforeDate"":""2026-05-25"",""changeGameId"":1,""walletId"":1}",FREE,0.0,,,,,,15.584332644933966,1
https://rtpvictory88.com,RTPVICTORY88,<b>DAILY FREE CREDIT<b>,10.0,100.0,15.0,0.0,10.0,"{""creditLessThan"":0.1,""walletId"":1,""changeGameId"":1,""displayDescriptionOnly"":""1""}",FREE,0.0,,DAILY,,,,2.717859814853726,1
https://rtpvictory88.com,RTPVICTORY88,<b>HOURLY FREE CREDIT,3.0,50.0,10.0,0.0,16.666666666666668,"{""creditLessThan"":0.1,""walletId"":1,""changeGameId"":1,""displayDescriptionOnly"":""1""}",FREE,0.0,,HOURLY,,,,1.1509900370660882,1
https://rtpvictory88.com,RTPVICTORY88,<B>Download Apps Free,50.0,500.0,15.0,0.0,10.0,"{""creditLessThan"":0.1,""displayDescriptionOnly"":""1"",""walletId"":1,""changeGameId"":1,""displayAngpaoText"":""1"",""mobileAppOnly"":""1""}",FREE,0.0,,,,,,3.0175551213073413,1
https://world99aud.com,WORLD99,<b>Only Fan【Limited】</b>,10.0,199.0,10.0,0.0,19.9,"{""maxRoundTargetAll"":1,""displayDescriptionOnly"":""1"",""creditLessThan"":0.1,""changeGameId"":1,""walletId"":1}",FREE,0.0,,DAILY,,,,0.9945015538788536,1
https://world99aud.com,WORLD99,<b>Download App Bonus</b>,20.0,499.0,10.0,0.0,24.95,"{""creditLessThan"":0.1,""displayDescriptionOnly"":""1"",""displayAngpaoText"":""1"",""mobileAppOnly"":""1"",""ignoreTrxAmount"":1,""changeGameId"":1,""walletId"":1}",FREE,0.0,,DAILY,,,,0.7844515302831455,1
https://play77au.com,PLAY77,DAILY CHECK IN : DAY 7,5.0,100.0,10.0,0.0,20.0,"{""claimTime"":""N=7"",""creditLessThan"":0.1,""maxRoundTargetAll"":500,""displayAngpaoText"":""0"",""walletId"":1,""changeGameId"":1,""displayDescriptionOnly"":""1""}",FREE,0.0,,DAILY,,,,0.9452270845626882,1
https://hollywoodaus.com,HOLLYWOOD,<b>VIP Free 38</b>,38.0,1080.0,15.0,0.0,28.42105263157895,"{""creditLessThan"":0.1,""changeGameid"":1,""displayDescriptionOnly"":""0"",""changeGameId"":1,""walletId"":1}",FREE,0.0,,DAILY,,,,0.803517532020747,1
https://hollywoodaus.com,HOLLYWOOD,"<b style=""color:gold;"">Download APK</b>",20.0,400.0,10.0,0.0,20.0,"{""creditLessThan"":0.1,""displayDescriptionOnly"":""1"",""registerDate"":""2024-04-22"",""changeGameid"":1,""mobileAppOnly"":""1"",""displayAngpaoText"":""1"",""changeGameId"":1,""walletId"":1}",FREE,0.0,,DAILY,,,,1.0342292288611417,1
https://southern9.com,SOUTHERN9,DOWNLINE REGISTER GET,2.0,40.0,10.0,0.0,20.0,"{""customBonus"":""sharebonus"",""creditLessThan"":0.01,""startDate"":""2025-01-20"",""displayAngpaoText"":""1"",""displayDescriptionOnly"":""1"",""fixRT"":1}",CUSTOM,0.0,,,,,,0.8959826648794043,1
https://boyabet9.com,BoyaBet9,<B>SPECIAL DAILY FREE<B>,6.99,270.0,20.0,0.0,38.62660944206009,"{""creditLessThan"":0.1,""displayDescriptionOnly"":""1"",""mobileAppOnly"":""0"",""walletId"":1,""changeGameId"":1}",FREE,0.0,,DAILY,,,,0.5384618213435755,1
